id,url,capturado_utc,bytes,sha256,status,assunto,trecho
055abf52bc515a3a,https://exame.com/brasil/senado-confirma-derrubada-do-decreto-do-iof-e-congresso-impoe-derrota-historica-ao-governo,2026-10-08T01:55:33+00:00,54608,182991a25b99bdce71c6cb95480566e8647aab6e2f7a86d7ba19cf9b015e741f,trecho_nao_encontrado,"evento V02, data 2025-06-25",
134d86f0af4daa89,https://www.folhavitoria.com.br/politica/julgamento-de-bolsonaro-quais-os-proximos-passos-quando-a-pena-deve-passar-a-ser-cumprida/,2026-10-08T01:57:02+00:00,366160,de86466f06011756f235bcd9d0d9095759e3d092ed562328b28d9f7585130bbc,ok,"evento V04, data 2025-09-11",Julgamento de Bolsonaro: quais os próximos passos? Pular para o conteúdo Pular para o menu Menu Últimas notícias Colunas Eleições 2026 Seja ES Folha Motor Polícia Cultura Economia Saúde Política Trabalho Esportes Games TV Vitória Home Últimas Notícias Eleições 2026 Folha Motor Seja ES Vale em
1726b269cb84368c,https://www.cnnbrasil.com.br/eleicoes/tv-globo-cancela-debate-presidencial/,2026-10-08T01:56:29+00:00,417678,7111ff5851d8781f0b03e568658417178724d72e72d642d25ee746c249bcc1a6,ok,"evento V27, data 2026-10-01",TV Globo cancela debate presidencial após receber intimações | CNN Brasil Pular para o conteúdo Ao vivo Política Money WW Agro Infra IA Esportes Viagem & Gastronomia Política Eleições Apuração Índice CNN Candidatos Colinha Eleitoral Monitor de Debates TV Globo cancela debate preside
1dcb9e5dfcb17907,https://www.mobiletime.com.br/noticias/30/07/2025/trump-tarifa-50-porcento/,2026-10-08T01:55:38+00:00,80759,83d01912b047dec03cd941eb882a794d8b06dfd0dd133cbedb244b4ad9f4a2f6,ok,"evento V03, data 2025-07-30","O documento foi chancelado dois dias antes da prévia e coincide com a aplicação da Lei Magnitsky contra o ministro do Supremo Tribunal Federal, Alexandre de Moraes ."
2007789788fe4c70,https://tribunadejundiai.com.br/politica/eleicoes-2026/globo-cancela-ultimo-debate-presidencial-apos-ausencias-de-lula-e-flavio-bolsonaro-e-decisoes-da-justica/,2026-10-08T01:56:24+00:00,341699,fe5c879e5088e3cbdb7c43c143cf59068e2a5d3892eea9a55ca233a0a2ada157,ok,"evento V26, data 2026-09-30",Globo cancela último debate presidencial após ausências de Lula e Flávio Bolsonaro e decisões da Justiça - Tribuna de Jundiaí Pular para o conteúdo Pular para o menu Menu Cidades da Região Jundiaí Política Eleições 2026 Polícia Esportes Vagas de Empregos Cultura Últimas Notícias Cidades Voltar Todas
205b88544eca9580,https://www.opovo.com.br/agencia/bbc/2026/05/13/amp/ligacao-de-flavio-bolsonaro-e-vorcaro-abre-crise-na-campanha-bolsonarista-balde-de-agua-fria.html,2026-10-08T01:56:05+00:00,73956,f0e33d6578044c273440266d66e64377f01f23c45562bf5dfae033f6183fecc6,ok,"evento V17, data 2026-05-13",Ligação de Flávio Bolsonaro e Vorcaro abre crise na campanha bolsonarista: 'Balde de água fria' Notícias Política Fortaleza Economia Brasil Ceará Mundo Saúde Tecnologia Curiosidades Veículos Checagem Esportes Ceará Fortaleza Cearenses Futebol Tabelas Mais esportes Futebol Internacional Atlético-MG B
377f13f711920cab,https://gazetadopovo.com.br/eleicoes/2026/moraes-vota-em-colegio-de-sao-paulo-sob-crise-no-stf-por-relacao-com-vorcaro,2026-10-08T01:55:54+00:00,278484,1582cba2487eb99dd2b7c9ad45160ceaa607279f8f093f823618cdb1e22f6877,ok,"evento V09, data 2026-09-01",Moraes vota em colégio de São Paulo sob crise no STF por relação com Vorcaro Publicidade Eleições Eleições 2026 Apuração | Eleições 2026 Guia de Candidatos Pesquisa Eleitoral Eleições 2026 Moraes vota em colégio de São Paulo sob crise no STF por relação com Vorcaro Por Guilherme Grandi 04/10/2026 às
3896f1744457015e,https://diariodonordeste.verdesmares.com.br/pontopoder/entenda-a-polemica-envolvendo-flavio-bolsonaro-e-nossa-senhora-aparecida-1.3794211,2026-10-08T01:56:16+00:00,163956,4b7bf6407d30c6f43824f4e0253729191b4af46adf4b5213cd7962b426bb80bd,ok,"evento V23, data 2026-09-24",Entenda a polêmica envolvendo Flávio Bolsonaro e Nossa Senhora Aparecida ENTRAR ASSINE Home Última Hora DN Ceará PontoPoder Segurança Jogada Negócios Zoeira Colunistas PontoPoder Eleições 2026 MAPA ELEITORAL QUIZ PARA O ELEITOR Entenda a polêmica envolvendo Flávio Bolsonaro e Nossa Senhora Aparecida
3edc254bd82c1fb8,https://www.band.com.br/nacional/por-que-a-policia-federal-quer-investigar-lulinha,2026-10-08T01:56:10+00:00,269851,5c56c74251990966f94a51eff070df080893e70530e3a6806597e5f20d3bbcb0,ok,"evento V19, data 2026-07-30",nistas Política Economia Nacional Internacional Esportes Entretenimento Gastronomia Agro Band Motor Educação Saúde Ciência e tecnologia Lifestyle Pets Previsão do Tempo Canais Band Bandplay Bandshop Configurações Notificações V Visitante Minha Band Siga a Band no Google Nacional Lulinha na mira da P
408b5b7383a7069a,https://www.nsctotal.com.br/?p=7489108,2026-10-08T01:55:22+00:00,322449,d9cf06ec16122ed8585f3f98c14f2321dbdb19472892444f2545b4e042241e61,ok,"evento V01, data 2025-04-23",Como funcionava o esquema de fraude no INSS alvo de megaoperação da PF - NSC Total Pular para o conteúdo --> --> --> --> Entrar --> --> --> Buscar Assine Últimas Notícias Eleições 2026 Esporte Economia Cotidiano Segurança Política Saúde Gastronomia Entretenimento CBN Atlântida SC Grande Florianópoli
417318edeb973452,https://www.poder360.com.br/poder-internacional/eua-retiram-moraes-mulher-e-empresa-da-familia-da-magnitsky/,2026-10-08T01:55:56+00:00,257544,7e3f230515ea1bbe3640edc25c034c1f5985a9646a8fa7846205e1de9f61ba90,ok,"evento V12, data 2025-12-12",EUA retiram Moraes e sua família da Lei Magnitsky --> EUA retiram Moraes e sua família da Lei Magnitsky Ir para o conteúdo 1 Ir para o menu 2 Ir para a busca 3 Ir para o rodapé 4 Disponível em https://www.poder360.com.br/poder-internacional/eua-retiram-moraes-mulher-e-empresa-da-familia-da-magnitsky
43b134a649a55487,https://diariodonordeste.verdesmares.com.br/pontopoder/primeira-turma-do-stf-aprova-ata-do-julgamento-que-condenou-bolsonaro-1.3693468,2026-10-08T01:57:00+00:00,165489,5b60f87650aa6d91acfb957e6fcf4386223b16de9bbbb05b199eb8d2f127e5a1,ok,"evento V04, data 2025-09-11",Primeira Turma do STF aprova ata do julgamento que condenou Bolsonaro ENTRAR ASSINE Home Última Hora DN Ceará PontoPoder Segurança Jogada Negócios Zoeira Colunistas PontoPoder Eleições 2026 MAPA ELEITORAL QUIZ PARA O ELEITOR Primeira Turma do STF aprova ata do julgamento que condenou Bolsonaro Corte
452298029b3e136c,https://www.bemparana.com.br/eleicoes-2026/lula-confirma-que-nao-vai-participar-do-debate-da-globo-nesta-quinta/,2026-10-08T01:56:23+00:00,267411,07558d6bcac92dbe9389fd262bcf37eb8bdbd3d58cb5a1320d366530a3fc991b,ok,"evento V26, data 2026-09-30",Lula confirma que não vai participar do debate da Globo nesta quinta 07 de outubro de 2026 Notícias Paraná Região Metropolitana Política Economia Concursos Brasil Mundo Opinião Eleições 2026 Apuração das Eleições 2026 Esportes Athletico Paranaense Coritiba Paraná Clube Diversão e
59ff714841827a4b,https://sbtnews.sbt.com.br/noticia/politica/senado-derruba-alta-do-iof-e-impoe-derrota-ao-governo,2026-10-08T01:56:58+00:00,212149,71d85232834f9b7b554aa89fe76d5b5d7d095519ef4df76c2e741f7cac9523d8,ok,"evento V02, data 2025-06-25",Senado derruba alta do IOF e impõe nova derrota ao governo | SBT News Ao vivo Últimas Vídeos Eleições Colunistas Política Brasil Economia Mundo Saúde Esportes Programas Ao vivo Últimas Vídeos Eleições Colunistas Política Brasil Economia Mundo Saúde Esportes Programas 📰 Política Senado derruba alta d
5c9b58fc8b5539d2,https://investidor10.com.br/noticias/flavio-quer-tirar-de-nossa-senhora-aparecida-o-titulo-de-padroeira-do-brasil-entenda-122845/,2026-10-08T01:57:04+00:00,968025,bf76a69dd31551aff9617e0ff941b32279ae89d317326f5c5e6a5fb052a8cce8,ok,"evento V23, data 2026-09-24","Flávio quer tirar de Nossa Senhora Aparecida o título de padroeira do Brasil? Entenda - Investidor10 r.dataset.ticker))]; if (!tickers.length) return; const chunkSize = 10; const chunks = []; for (let i = 0; i { fetch('/api/cotacoes/batch?tickers=' + chunk.join(',')) .then(r => r.json()) .then(data "
7113b8fa2194c4f8,https://www.poder360.com.br/poder-eleicoes/preco-para-nao-me-candidatar-e-bolsonaro-livre-nas-urnas-diz-flavio/,2026-10-08T01:56:00+00:00,263970,c8fe0ef47fa05947651e3605026a24870dd09ebea9cb3e8ed38d17e7a6092728,ok,"evento V16, data 2025-12-07","Preço para não me candidatar é Bolsonaro ""livre, nas urnas"", diz Flávio --> Preço para não me candidatar é Bolsonaro ""livre, nas urnas"", diz Flávio Ir para o conteúdo 1 Ir para o menu 2 Ir para a busca 3 Ir para o rodapé 4 Disponível em https://www.poder360.com.br/poder-eleicoes/preco-para-nao-me-ca"
81142c6c8dcf70fd,https://www.congressoemfoco.com.br/noticia/114591/flavio-bolsonaro-fala-em-preco-para-desistir-de-disputar-planalto,2026-10-08T01:56:02+00:00,179892,6929371cd40576b8086c3bfa903fed60069116bcad0fcd7d948cd7d94956ce34,ok,"evento V16, data 2025-12-07","Flávio Bolsonaro fala em ""preço"" para desistir de disputar Planalto Entrar Cadastro Notícias Colunas Artigos Informativo Estados Apoiadores Radar Eleições 2026 Quem Somos Fale Conosco Entrar Notícias Colunas Artigos Eleições 2026 Radar Prêmio Home > Notícias > Flávio Bolsonaro fa"
8958b9a5914282cb,https://www.metropoles.com/brasil/trama-golpista-stf-condena-bolsonaro-a-27-anos-e-3-meses-de-prisao,2026-10-08T01:57:29+00:00,194225,ebbde088a1ab961d26b4c69fb3c44f4d5b244d2d21c4c9aabb70b468f274455b,ok,"evento V04, data 2025-09-11",Trama golpista: STF condena Bolsonaro a 27 anos e 3 meses de prisão Menu Ative nossas notificações Você quer ficar por dentro das notícias mais importantes e receber notificações em tempo real? Eu quero! Agora não Inscreva-se no canal MetrópolesTV no YouTube MetrópolesTV Inscreva-se na MetrópolesTV 
9b1b0e20108c1d6d,https://www.intercept.com.br/2026/05/13/flavio-bolsonaro-mentiu-banco-master-duas-vezes/,2026-10-08T01:56:04+00:00,223464,71f7bb116f2c7a759b3299c7cae2ab1bb70d5db29b3144cb060476cc3b0d4151,ok,"evento V17, data 2026-05-13","heiros Juliane Furno Fabio de Sá e Silva Sabrina Fernandes Vídeos Seja nossa fonte QUEM SOMOS Siga o canal ""Intercept Brasil"" no WhatsApp pelo celular APOIE HOJE Flávio Bolsonaro mentiu sobre o Banco Master duas vezes no mesmo dia De manhã, o senador negou ter relação com Daniel Vorcaro e atacou rep"
a250b210179a59e1,https://www.gazetasp.com.br/politica/flavio-bolsonaro-diz-que-mensagens-de-vorcaro-indicam-protecao-do-proprio-alexandre-de-moraes/,2026-10-08T01:55:50+00:00,140056,3c8f775eec1ed9c963bf61bd259976c6e2eaedc9c24b5c7611297b36868fba5c,ok,"evento V09, data 2026-09-01",Flávio Bolsonaro diz que mensagens de Vorcaro indicam 'proteção do próprio Alexandre de Moraes' - Gazeta de São Paulo Pular para o conteúdo Corinthians demite Fernando Diniz após derrota para o Internacional pelo Brasileirão Como a vitória de Cleitinho ao governo de Minas vai colocar um magnata do v
ae4179bcb23b40b8,https://www.jornalopcao.com.br/ultimas-noticias/globo-cancela-debate-presidencial-apos-decisoes-do-tse-e-do-stf-874361/,2026-10-08T01:56:31+00:00,181137,4f7872d03a45f0dbe76f17d64c318d7f94de32298d6031ec4fe12dc41becf747,ok,"evento V27, data 2026-10-01",Globo cancela debate presidencial após decisões do TSE e do STF - Jornal Opção 50 ANOS Pesquisar por: Pesquisar por: 07/10/2026 Seguir no Início Editorial Colunas Impresso Bastidores Entrevistas Cultura Imprensa Opção Play Reportagens Opinião Há 50 Anos Últimas notícias Globo can
b448a5784df0845e,https://sbtnews.sbt.com.br/noticia/politica/entenda-a-polemica-envolvendo-flavio-e-a-padroeira-do-brasil,2026-10-08T01:56:18+00:00,40669,c6c27c8603dab996063aaab9183b3aae5b3c69151356eaf974540c3380e40417,trecho_nao_encontrado,"evento V23, data 2026-09-24",
b4d54798ed588c36,https://www.opovo.com.br/noticias/mundo/2026/08/01/por-que-a-policia-federal-quer-investigar-lulinha.html,2026-10-08T01:56:07+00:00,92370,709a3a72e5cdc7612ffcfa6a5b31a93e3a1295b2025fad0d111af8932bdec203,ok,"evento V19, data 2026-07-30",movido em 03/11/2025 --> movido em 03/11/2025 --> inserido em 27/06/2024 e movido em 03/11/2025 --> inserido em 27/06/2024 e movido em 03/11/2025 --> --> --> --> Por que a Polícia Federal quer investigar Lulinha? --> Assine Entre Notícias Notícias Ceará Fortaleza Cariri Brasil Enem Política Eleições
c0bfdd6e4cd3ac9b,https://www.itatiaia.com.br/brasil/presidente-do-inss-e-afastado-em-operacao-que-apura-fraude-bilionaria-contra-aposentados/,2026-10-08T01:55:25+00:00,377943,34b7d0955d316352d37c43a8ae17ebb32aff52af2ee4d5053f7693498f470e0d,ok,"evento V01, data 2025-04-23",Presidente do INSS é afastado em operação que apura fraude bilionária contra aposentados | Rádio Itatiaia Capa Brasil Presidente do INSS é afastado em operação que apura fraude bilionária contra aposentados Operação da PF e da CGU Alessandro Stefanutto e outros cinco servidores Por Rômulo Ávil
c973fcaa2f4131b5,https://www.oliberal.com/eleicoes/record-confirma-cancelamento-do-debate-presidencial-marcado-para-domingo-1.1172294,2026-10-08T01:56:14+00:00,229745,c7b4e97e64749deb184561c6f3383e40ac6cec8d9473cd2648084588bccf8041,ok,"evento V21, data 2026-09-23",Record confirma cancelamento do debate presidencial marcado para domingo QUA · 07 OUT 2026 Assine QUA · 07 OUT 2026 Edição impressa Anuncie O maior hub de comunicação da Amazônia Últimas Esportes Polícia Belém Pará Eleições Círio Repórter 70 Concurso Cultura Política Economia O L
cdbbaa9311c73204,https://www.band.com.br/noticias/camara-derruba-decreto-de-aumento-do-iof-202506251932,2026-10-08T01:55:29+00:00,256362,ed6b9c0d3b17a050f08c4a9a714ee4115c9a226cef98e87d0057ded8ee028ec5,ok,"evento V02, data 2025-06-25",nomia Agro Band Motor Educação Saúde Ciência e tecnologia Lifestyle Pets Previsão do Tempo Canais Band Bandplay Bandshop Configurações Notificações V Visitante Minha Band Siga a Band no Google Nacional Senado chancela decisão da Câmara e aprova derrubada do decreto de aumento do IOF Medida foi votad
e2d0d6ab06668e68,https://diariodonordeste.verdesmares.com.br/negocios/congresso-aprova-derrubada-do-decreto-de-lula-sobre-aumento-do-iof-1.3663739,2026-10-08T01:56:56+00:00,122384,15b64124bcf80bbe51eb2f0ac4efb30ce8534c9f107af130114132c9b32072c6,ok,"evento V02, data 2025-06-25",Congresso aprova derrubada do decreto de Lula sobre aumento do IOF - Negócios - Diário do Nordeste ENTRAR ASSINE Home Última Hora DN Ceará PontoPoder Segurança Jogada Negócios Zoeira Colunistas Negócios Agro DN Auto DN Business Papo Carreira Tecnologia Loterias Congresso aprova derrubada do decreto 
e6768cf5a4c900b0,https://www.poder360.com.br/poder-midia/sem-lula-nem-flavio-record-cancela-debate-do-dia-27/,2026-10-08T01:56:12+00:00,247429,5a2e053a2dfb74517145baa50ae8d3c3d6d62d3afede18dead4ce1d49d119dd4,ok,"evento V21, data 2026-09-23","Sem Lula nem Flávio, ""Record"" cancela debate do dia 27 --> Sem Lula nem Flávio, ""Record"" cancela debate do dia 27 Ir para o conteúdo 1 Ir para o menu 2 Ir para a busca 3 Ir para o rodapé 4 Disponível em https://www.poder360.com.br/poder-midia/sem-lula-nem-flavio-record-cancela-debate-do-dia-27/ SÓ T"
eb15a230305f5bcc,https://ncnews.com.br/?p=52608,2026-10-08T01:57:06+00:00,59651,38180b06724f30029300b5fc366f5645d8ecab29d2b652808ac059a95c47cf51,ok,"evento V23, data 2026-09-24",Flávio Bolsonaro reage a fake news sobre Nossa Senhora Aparecida após GloboNews corrigir informação - NC News NC News NC Eleições NC Sports Imediato Online O Poder Amazônia Incrível QG do Automóvel Menu Buscar Página Inicial Brasil São Paulo Mundo NC Agro NC Eleições 2026 NC Esportes Saúde Economia 
eee591d735f0ad27,https://sbtnews.sbt.com.br/noticia/politica/sbt-noticias-trump-oficializa-tarifa-de-50-ao-brasil-e-impoe-sancoes-a-alexandre-de-moraes,2026-10-08T01:55:41+00:00,229746,0525a202c64525405d2ede3645c4f6c1a30bfe1706ac3886e4c045b3397aa3d3,ok,"evento V03, data 2025-07-30","sil e impõe sanções a Alexandre de Moraes Confira o que foi notícia ao longo do dia e os assuntos que serão destaque nesta quinta-feira (31); assista! S SBT Notícias 31/07/2025, 06:09 • Atualizado há 1 ano Os Estados Unidos anunciaram, nesta quarta-feira (30), a aplicação da Lei Magnitsky contra o m"
f065441c23fcdff5,https://mais.opovo.com.br/jornal/politica/2025/09/13/prisao-de-bolsonaro-para-cumprimento-de-pena-tem-estimativa-de-ocorrer-ate-dezembro.html,2026-10-08T01:57:30+00:00,55271,c5095b79ac5450486990b69d288401a14617d5d818ffb82d803596380093a795,ok,"evento V04, data 2025-09-11",Prisão de Bolsonaro para cumprimento de pena tem estimativa de ocorrer até dezembro Fechar Início Reportagens Colunistas Jornal em PDF Jornal Coleções Filmes e Séries Clube OP+ Interativos --> Preço Comparado Programas Entrar Assine LOGADO COMO Gerenciar conta Itens Salvos Gerenciar notifi
f2817a0a0f41d676,https://www.infomoney.com.br/politica/eua-retiram-alexandre-de-moraes-da-lista-de-sancionados-pela-lei-magnitsky/,2026-10-08T01:55:58+00:00,352757,b596066bb440ec2c0141749acc1ede3e5dfcaab2972e3f6e7bee6be3af579f5d,ok,"evento V12, data 2025-12-12","EUA retiram Alexandre de Moraes da lista de sancionados pela Lei Magnitsky EUA retiram Alexandre de Moraes da lista de sancionados pela Lei Magnitsky - InfoMoney Menu Buscar notícias, ativos e outros Planilha Grátis Planilha Grátis Fazer login Planilha Viva de Renda Ebook O Mapa do Tesouro Guia das "
fcb50ee86895befa,https://monitormercantil.com.br/primeira-turma-do-stf-mantem-pena-de-27-anos-para-bolsonaro/,2026-10-08T01:55:44+00:00,315628,db49dc12279aa24851c3c2100530108e111a23349d118cb2219daa13feb46864,ok,"evento V04, data 2025-09-11",Primeira Turma do STF mantém pena de 27 anos para Bolsonaro | Monitor Mercantil Notícias Conjuntura Empresas Informática Internacional Mercado Financeiro Política Registro Rio de Janeiro São Paulo Seguros Colunas Cinturão e Rota Cultura e Variedades Decisões Econômicas Empreendedorismo e Vendas Empr
00966adcb9fc6a59,https://www.cnnbrasil.com.br/eleicoes/vox-flavio-registra-482-no-2o-turno-lula-452/,2026-10-08T01:28:17+00:00,419011,73bf9373fc206a7262010dd176ef53dcb383c293cd3a629549610a2faa0cf1a9,ok,pesquisa de presidente citada pela Wikipedia (conferencia de valores),"Vox: Flávio registra 48,2% no 2º turno; Lula, 45,2% | CNN Brasil Pular para o conteúdo Ao vivo Política Money WW Agro Infra IA Esportes Viagem & Gastronomia Política Eleições Apuração Índice CNN Candidatos Colinha Eleitoral Monitor de Debates Vox: Flávio registra 48,2% no 2º turno; Lula, 45,2% No pr"
024317e8261de974,https://www.cnnbrasil.com.br/politica/parana-pesquisas-lula-empata-com-bolsonaro-e-michelle-no-primeiro-turno/,2026-10-08T01:28:40+00:00,414120,38bc308bbe9103e4df70109b6795ae7f505d9827dbff29b09c9dc51bc8b03273,ok,pesquisa de presidente citada pela Wikipedia (conferencia de valores),"Lula tem empate técnico com Bolsonaro e Michelle no 1º turno, diz pesquisa | CNN Brasil Pular para o conteúdo Ao vivo Política Money WW Agro Infra IA Esportes Viagem & Gastronomia Política Eleições Apuração Índice CNN Candidatos Colinha Eleitoral Monitor de Debates Lula tem empat"
05bbd48e49ac9df8,https://www.poder360.com.br/poderdata/lula-e-flavio-tem-46-cada-um-no-2o-turno-diz-poderdata-aya/,2026-10-08T01:28:00+00:00,297795,73790c4a2adeff74f7d28e9147f296c73e7605c5840b3982ab598225dd0072c7,ok,pesquisa de presidente citada pela Wikipedia (conferencia de valores),"Lula e Flávio têm 46% cada um no 2º turno, diz PoderData/Aya --> Lula e Flávio têm 46% cada um no 2º turno, diz PoderData/Aya Ir para o conteúdo 1 Ir para o menu 2 Ir para a busca 3 Ir para o rodapé 4 Disponível em https://www.poder360.com.br/poderdata/lula-e-flavio-tem-46-cada-u"
06aba989ac28ea98,https://www.cnnbrasil.com.br/blogs/iuri-pitta/eleicoes/ipsos-ipec-lula-lidera-e-michelle-pontua-mais-que-flavio-e-tarcisio/,2026-10-08T01:28:36+00:00,430339,af85352111426dff2c726814dd100e670c9a3a90e147e3c194b2cd50aa45d49e,ok,pesquisa de presidente citada pela Wikipedia (conferencia de valores),"Ipsos-Ipec: Lula lidera, e Michelle pontua mais que Flávio e Tarcísio | Blogs | CNN Brasil Pular para o conteúdo Ao vivo Política Money WW Agro Infra IA Esportes Viagem & Gastronomia Política Eleições Apuração Índice CNN Candidatos Colinha Eleitoral Monitor de Debates Blog Iuri Pitta Jornali"
0cf7d1e6105c2074,https://www.cartacapital.com.br/politica/lula-amplia-vantagem-contra-candidatos-da-direita-em-pesquisa-eleitoral-sobre-2026-veja-os-resultados/,2026-10-08T01:28:42+00:00,240733,b4e83b24594bc26248b33965aa12e30c4e71f7a023626a5c452ed9a4efdda836,ok,pesquisa de presidente citada pela Wikipedia (conferencia de valores),Lula amplia vantagem contra candidatos da direita em pesquisa eleitoral sobre 2026; veja os resultados – CartaCapital Menu Tudo que importa para quem se importa --> Edição da semana Login Assine Assine --> Sugestão de busca Eleições 2026 Lula STF Congresso Nacional América Latina
106c5af9361480bf,https://g1.globo.com/politica/eleicoes/2026/pesquisa-eleitoral/noticia/2026/08/14/quaest-presidente-1o-turno-14-agosto.ghtml,2026-10-08T01:29:17+00:00,1233950,097ba7f7e7246ec1f84f5c5c126dc7d992feffee126a95aaafb432520a561d1c,ok,pesquisa de presidente citada pela Wikipedia (conferencia de valores),"Quaest, 1º turno: Lula, 38%; Flávio Bolsonaro, 31% | G1 Pular para o conteúdo Eleições 2026 Pesquisa eleitoral Quaest, 1º turno: Lula, 38%; Flávio Bolsonaro, 31%; Renan Santos, 4%; Caiado, 4%; Augusto Cury, 2%; e Zema, 2% Pesquisa divulgada nesta sexta-feira (14) é a primeira encomendada pela Glob"
1c7bcb14a2595ae4,https://www.cnnbrasil.com.br/eleicoes/futura-apex-lula-e-flavio-tem-empate-tecnico-no-1o-turno/,2026-10-08T01:29:00+00:00,412755,4941bc0c63bd8e621e8acc0daf9eb691cbd87fbfe264ac4d1ce9698c2e0e8f54,ok,pesquisa de presidente citada pela Wikipedia (conferencia de valores),Futura/Apex: Lula e Flávio têm empate técnico no 1º turno | CNN Brasil Pular para o conteúdo Ao vivo Política Money WW Agro Infra IA Esportes Viagem & Gastronomia Política Eleições Apuração Índice CNN Candidatos Colinha Eleitoral Monitor de Debates Futura/Apex: Lula e Flávio têm empate técnic
1e32b1e1daa68ef4,https://www.cnnbrasil.com.br/eleicoes/futura-lula-tem-392-das-intencoes-de-voto-no-1o-turno-flavio-336/,2026-10-08T01:29:41+00:00,407873,859a319e2e90f22b24643f8edc8b94717ac62ab78c6b5fadfc8b0565fb32a6c3,ok,pesquisa de presidente citada pela Wikipedia (conferencia de valores),"Futura: Lula tem 39,2% das intenções de voto no 1º turno; Flávio, 33,6% | CNN Brasil Pular para o conteúdo Ao vivo Política Money WW Agro Infra IA Esportes Viagem & Gastronomia Política Eleições Apuração Índice CNN Candidatos Colinha Eleitoral Monitor de Debates Futura: Lula tem 39,2% da"
1f67466e7c2859f2,https://exame.com/brasil/pesquisa-palver-para-presidente-flavio-bolsonaro-tem-47-e-lula-43-no-1o-turno/,2026-10-08T01:27:58+00:00,54865,d0842046db8c0993bf5fb7f15493c95035e36398729f817a4e417f456fa26604,trecho_nao_encontrado,pesquisa de presidente citada pela Wikipedia (conferencia de valores),
2429ec1745285677,https://g1.globo.com/politica/eleicoes/2026/pesquisa-eleitoral/noticia/2026/10/03/datafolha-presidente-3-outubro.ghtml,2026-10-08T01:27:43+00:00,1203742,25da952da03622bc1ff5062b924c734e10640486c840a43ccb77e46a34fbcaec,ok,pesquisa de presidente citada pela Wikipedia (conferencia de valores),"Datafolha - votos válidos: Lula tem 45%, e Flávio Bolsonaro, 42% | G1 Pular para o conteúdo Eleições 2026 Pesquisa eleitoral Datafolha, 1º turno - votos válidos: Lula, 45%; Flávio Bolsonaro, 42%; Caiado, 4%; Renan, 3%; Cury, 3%; Zema, 1% Levantamento divulgado neste sábado (3), véspera do 1º turno, "
261437bd6c24edd2,https://www.cnnbrasil.com.br/eleicoes/quaest-lula-tem-37-contra-32-de-flavio-no-1o-turno/,2026-10-08T01:29:26+00:00,408223,fe63d32aaaa9cd5e9339b10c67f73fd988c26d8f15255ed9d03ac86deb8fcb1f,ok,pesquisa de presidente citada pela Wikipedia (conferencia de valores),Quaest: Lula tem 37% contra 32% de Flávio no 1º turno | CNN Brasil Pular para o conteúdo Ao vivo Política Money WW Agro Infra IA Esportes Viagem & Gastronomia Política Eleições Apuração Índice CNN Candidatos Colinha Eleitoral Monitor de Debates Quaest: Lula tem 37% contra 32% de Flávio n
26f03dfeebcf1c66,https://g1.globo.com/politica/eleicoes/2026/pesquisa-eleitoral/noticia/2026/10/03/quaest-presidente-3-outubro.ghtml,2026-10-08T01:28:04+00:00,1214939,2d29e1757be0e4211459a7ac69686df93b99eb76947f4e274e7109d55004b03b,ok,pesquisa de presidente citada pela Wikipedia (conferencia de valores),"Pesquisa Quaest: Lula tem 46% e Flávio Bolsonaro 45% | G1 Pular para o conteúdo Eleições 2026 Pesquisa eleitoral Quaest, 1º turno - votos válidos: Lula, 46%; Flávio Bolsonaro, 45%; Cury, 3%; Renan, 3%; Caiado, 3% Pesquisa divulgada neste sábado (3), véspera de 1º turno, foi encomendada pela Globo"
383688f1756c9112,https://paranapesquisas.com.br/pesquisas/parana-pesquisas-divulga-pesquisa-nacional-situacao-eleitoral-para-o-executivo-federal-em-2026-novembro-2025/,2026-10-08T01:28:45+00:00,369185,225bd1d76e83fd7253ba0b75eadf90a396d430a1453305ffd67ad7ea4d32f239,trecho_nao_encontrado,pesquisa de presidente citada pela Wikipedia (conferencia de valores),
3b919020ada0b547,https://www.poder360.com.br/poderdata/poderdata-aya-lula-tem-37-contra-36-de-flavio-no-1o-turno/,2026-10-08T01:29:55+00:00,277287,764f4d22f27b807bb4fe9b6e8e2f05825da5f891b29c7470e05ba7691444967d,ok,pesquisa de presidente citada pela Wikipedia (conferencia de valores),PoderData/Aya: Lula tem 37% contra 36% de Flávio no 1º turno --> PoderData/Aya: Lula tem 37% contra 36% de Flávio no 1º turno Ir para o conteúdo 1 Ir para o menu 2 Ir para a busca 3 Ir para o rodapé 4 Disponível em https://www.poder360.com.br/poderdata/poderdata-aya-lula-tem-37-contra-36-de-fla
44b5c0e8bf2e084c,https://www.gazetadopovo.com.br/eleicoes/2026/pesquisa-eleitoral-2026/pesquisa-instituto-gerp-presidente-da-republica-fevereiro-2026/,2026-10-08T01:29:47+00:00,457193,482341e0b94fb0dac10ef1a081c167fb7b1989d09fdcf24a625c556f7e7095fb,ok,pesquisa de presidente citada pela Wikipedia (conferencia de valores),"No cenário estimulado, o presidente Luiz Inácio Lula da Silva (PT) e o filho 01 de Jair Bolsonaro, Flávio Bolsonaro (PL), apareceram tecnicamente empatados, levando em consideração a margem de erro de 2,24 pontos percentuais para mais ou para menos."
49b545587ee78169,https://www.poder360.com.br/poder-eleicoes/lula-e-flavio-empatam-no-1o-turno-diz-parana-pesquisas/,2026-10-08T01:29:12+00:00,256914,6446acb7987a0abb23f8ca1917fd05abc16cb7f0d0b430ea5e554537a280314b,ok,pesquisa de presidente citada pela Wikipedia (conferencia de valores),"Lula e Flávio empatam no 1º turno, diz Paraná Pesquisas --> Lula e Flávio empatam no 1º turno, diz Paraná Pesquisas Ir para o conteúdo 1 Ir para o menu 2 Ir para a busca 3 Ir para o rodapé 4 Disponível em https://www.poder360.com.br/poder-eleicoes/lula-e-flavio-empatam-no-1o-turn"
52632914f8f2bf0f,https://www.cartacapital.com.br/politica/lula-lidera-com-folga-as-disputas-contra-flavio-tarcisio-e-michelle-veja-a-nova-pesquisa-sobre-2026/,2026-10-08T01:28:20+00:00,237332,3bc9b1029fb11bc16e8912b72b97ee8d050652a7cee1724ff765a3f5c8009c0b,ok,pesquisa de presidente citada pela Wikipedia (conferencia de valores),"Lula lidera com folga as disputas contra Flávio, Tarcísio e Michelle; veja a nova pesquisa sobre 2026 – CartaCapital Menu Tudo que importa para quem se importa --> Edição da semana Login Assine Assine --> Sugestão de busca Eleições 2026 Lula STF Congresso Nacional América Latina"
57ad3c9c8d07fb28,https://www.poder360.com.br/poder-eleicoes/lula-e-flavio-empatam-no-2o-turno-diz-futura-apex/,2026-10-08T01:29:57+00:00,261012,a4f00b17536f2466bb05c0482896e0754e50bcc1e8657bbe3936b8d224fd47e4,ok,pesquisa de presidente citada pela Wikipedia (conferencia de valores),"Lula e Flávio empatam no 2º turno, diz Futura/Apex --> Lula e Flávio empatam no 2º turno, diz Futura/Apex Ir para o conteúdo 1 Ir para o menu 2 Ir para a busca 3 Ir para o rodapé 4 Disponível em https://www.poder360.com.br/poder-eleicoes/lula-e-flavio-empatam-no-2o-turno-diz-futu"
588120df9fc33eba,https://www.cnnbrasil.com.br/eleicoes/nexus-btg-no-1-turno-lula-tem-40-flavio-36-e-cury-7/,2026-10-08T01:29:52+00:00,426055,7ef0ed5960bbcbdd6925fc76689087af6d9c2afbf6a49dc098e0701591060c60,ok,pesquisa de presidente citada pela Wikipedia (conferencia de valores),"Nexus/BTG: No 1° turno, Lula tem 40%; Flávio, 36% e Cury, 7% | CNN Brasil Pular para o conteúdo Ao vivo Política Money WW Agro Infra IA Esportes Viagem & Gastronomia Política Eleições Apuração Índice CNN Candidatos Colinha Eleitoral Monitor de Debates Nexus/BTG: No 1° turno, Lula tem 40%; Flávio, 36"
5df13598d4f5eafc,https://www.poder360.com.br/poder-eleicoes/flavio-tem-438-e-lula-402-no-2o-turno-diz-vox/,2026-10-08T01:29:02+00:00,253333,42816224246061de4c196261e56101ad423abb9a8345415123f377e6d9c16266,ok,pesquisa de presidente citada pela Wikipedia (conferencia de valores),"Flávio tem 43,8% e Lula, 40,2% no 2º turno, diz Vox --> Flávio tem 43,8% e Lula, 40,2% no 2º turno, diz Vox Ir para o conteúdo 1 Ir para o menu 2 Ir para a busca 3 Ir para o rodapé 4 Disponível em https://www.poder360.com.br/poder-eleicoes/flavio-tem-438-e-lula-402-no-2o-turno-diz-vox/ SÓ TEXTO ASS"
699548d73c64a819,https://www1.folha.uol.com.br/poder/2025/12/datafolha-lula-bate-flavio-bolsonaro-por-15-pontos-e-tarcisio-por-5-no-2o-turno.shtml,2026-10-08T01:28:28+00:00,341492,f99dc75c2df5444aeb53055e6c68a066e81092c7e2495b65d135ac9262505474,ok,pesquisa de presidente citada pela Wikipedia (conferencia de valores),"Datafolha: Lula bate Flávio Bolsonaro por 15 pontos - 06/12/2025 - Poder - Folha Últimas notícias Gostaria de receber as principais notícias do Brasil e do mundo? Não, obrigado Sim, aceito Últimas notícias Gostaria de receber as principais notícias do Brasil e do mundo? Não, obrigado Sim, a"
6fb8498d5f865c68,https://www.cnnbrasil.com.br/eleicoes/real-time-big-data-lula-tem-43-no-1o-turno-flavio-39/,2026-10-08T01:28:08+00:00,416722,11a82295d17e0acb839eba950c4c255faae82cdfc7428c57554ef4c4d285695b,ok,pesquisa de presidente citada pela Wikipedia (conferencia de valores),"Real Time Big Data: Lula tem 43% no 1º turno; Flávio, 39% | CNN Brasil Pular para o conteúdo Ao vivo Política Money WW Agro Infra IA Esportes Viagem & Gastronomia Política Eleições Apuração Índice CNN Candidatos Colinha Eleitoral Monitor de Debates Real Time Big Data: Lula tem 43% no 1º turno; Flávi"
714e1214f7d8e1c8,https://www.poder360.com.br/poder-eleicoes/lula-lidera-em-5-de-7-cenarios-no-1o-turno-diz-pesquisa/,2026-10-08T01:28:47+00:00,262084,34b4adca8f8040207718ffa6b87cd83081f697a49e13387b77aa5fa8d56e1bdb,ok,pesquisa de presidente citada pela Wikipedia (conferencia de valores),"Lula lidera em 5 de 7 cenários no 1º turno, diz pesquisa --> Lula lidera em 5 de 7 cenários no 1º turno, diz pesquisa Ir para o conteúdo 1 Ir para o menu 2 Ir para a busca 3 Ir para o rodapé 4 Disponível em https://www.poder360.com.br/poder-eleicoes/lula-lidera-em-5-de-7-cenarios"
738d235b6fbeef41,https://docs.google.com/viewerng/viewer?url=https://admin.cnnbrasil.com.br/wp-content/uploads/sites/12/2026/10/Pesquisa-Atlas_Bloomberg-Nacional-261003.pdf,2026-10-08T01:27:37+00:00,13730,569795111380c03211be3c5e2f0c73648caa2d3e9f2d5f242ac89a03cc490874,trecho_nao_encontrado,pesquisa de presidente citada pela Wikipedia (conferencia de valores),
7d12177c0c58fcc8,https://www.cnnbrasil.com.br/eleicoes/vox-lula-tem-411-das-intencoes-de-voto-no-1o-turno-flavio-378/,2026-10-08T01:28:13+00:00,416473,81eda9f0e63d2bfea362ba0e51a00b8c46d4c12a1429336b2615f5b22dd4053b,ok,pesquisa de presidente citada pela Wikipedia (conferencia de valores),"Vox: Lula tem 41,1% das intenções de voto no 1º turno; Flávio, 37,8% | CNN Brasil Pular para o conteúdo Ao vivo Política Money WW Agro Infra IA Esportes Viagem & Gastronomia Política Eleições Apuração Índice CNN Candidatos Colinha Eleitoral Monitor de Debates Vox: Lula tem 41,1% das i"
83f57da14f400acc,https://www.cnnbrasil.com.br/eleicoes/nexus-btg-lula-aparece-com-40-e-flavio-com-35-no-1o-turno/,2026-10-08T01:29:22+00:00,409004,87a4fff4ed3c90af127f21d797300447989f0925de7d7184c8b3d9bb55c5f57f,ok,pesquisa de presidente citada pela Wikipedia (conferencia de valores),Nexus/BTG: Lula aparece com 40% e Flávio com 35% no 1º turno | CNN Brasil Pular para o conteúdo Ao vivo Política Money WW Agro Infra IA Esportes Viagem & Gastronomia Política Eleições Apuração Índice CNN Candidatos Colinha Eleitoral Monitor de Debates Nexus/BTG: Lula aparece com 40% e Flávi
8485a2f8e83fc632,https://www.gazetadopovo.com.br/eleicoes/2026/pesquisa-eleitoral-2026/pesquisa-100-cidades-futura-presidente-da-republica-fevereiro-2026/,2026-10-08T01:29:37+00:00,446466,d48c5485f5593f0a3678a7b652ddb1bf0698ddf0daaac4cc0bbe18c6fa8d607e,ok,pesquisa de presidente citada pela Wikipedia (conferencia de valores),"O filho 01 de Jair Bolsonaro, Flávio Bolsonaro (PL), e o presidente da República, Luiz Inácio Lula da Silva (PT), aparecem tecnicamente empatados nos quatro cenários estimulados ."
856efa2ad732a7a4,https://www.cnnbrasil.com.br/eleicoes/atlas-lula-tem-47-das-intencoes-de-voto-no-1o-turno-flavio-343/,2026-10-08T01:29:30+00:00,403248,b603087a9ae9c05be2fa4ea3f8611560ec8cd5902c0c16585249845386ed16cb,ok,pesquisa de presidente citada pela Wikipedia (conferencia de valores),"Atlas: Lula tem 47% das intenções de voto no 1º turno; Flávio, 34,3% | CNN Brasil Pular para o conteúdo Ao vivo Política Money WW Agro Infra IA Esportes Viagem & Gastronomia Política Eleições Apuração Índice CNN Candidatos Colinha Eleitoral Monitor de Debates Atlas: Lula tem 47% das int"
8986efa62a523ba1,https://jovempan.com.br/noticias/politica/pesquisa-gerp-lula-lidera-primeiro-turno-mas-empata-com-flavio-bolsonaro-no-segundo.html,2026-10-08T01:28:32+00:00,208045,cad960694f2844bedb379bed5aa8d5d8c532c21cd5763def2c71c8999bf4344f,ok,pesquisa de presidente citada pela Wikipedia (conferencia de valores),"Gerp: Lula lidera no 1º turno, mas empata com Flávio no 2º | Jovem Pan Eleições 2026 Política Brasil Business Mundo Economia Entretenimento Esportes Futebol Últimas Notícias Colunistas Mais Jovem Pan Voltar Menu Mais Jovem Pan Ao Vivo Programação JP Conecta Classic Pan MENU JOVEM PAN A"
8d28df35eb09e211,https://noticias.uol.com.br/eleicoes/2026/09/29/atlasbloomberg-lula-e-flavio-tem-empate-tecnico-no-2-turno.ghtm,2026-10-08T01:27:34+00:00,544323,c3e8e043087898f09d7cfa4e16f172e9825878bd50d734194886ad951bc4f74a,ok,pesquisa de presidente citada pela Wikipedia (conferencia de valores),Atlas/Bloomberg: Lula e Flávio têm empate técnico no 2º turno FIM DOS JOGOS DE PARIS Acompanhe em tempo real a cerimônia de encerramento das Olimpíadas 2024 Seu time Seu signo Eleições 2026 Entre Assine UOL Logo UOL Home UOL Produtos UOL+ UOL Play - TV Online Universal+ Champions League UOL Drive
96656da37aa359f2,https://iclnoticias.com.br/cnt-mda-lula-tem-10-pontos-de-vantagem/,2026-10-08T01:29:32+00:00,57547,4b8a3b1d2d5439740330f5f8c3878b80edfd72f3c59ad4bce88cfddb96d9e50a,ok,pesquisa de presidente citada pela Wikipedia (conferencia de valores),"CNT/MDA: Lula tem 10 pontos de vantagem sobre Flávio no 1º turno; diferença é de 7,3 no 2º - ICL Notícias Menu Seja Membro ICL Eleições 2026 Apuração Ao Vivo Pesquisas Eleitorais 2026 Candidatos 2026 Colunistas Política Economia Sociedade País Internacional Conhecimento Revista Liberta Ma"
974ee6b82ff4862b,https://g1.globo.com/politica/noticia/2025/06/14/datafolha-cenarios-eleicoes-2026.ghtml,2026-10-08T01:28:25+00:00,1198487,d787578f374abc546669a7ff8368d0b4bf4c22da3a0501b7c6c59a05d46d0333,ok,pesquisa de presidente citada pela Wikipedia (conferencia de valores),"Lula lidera maioria dos cenários no 1º turno e empata no 2º | G1 Pular para o conteúdo Política Datafolha: Lula lidera maioria dos cenários de 1° turno, mas empata com Bolsonaro e Tarcísio no 2° Pesquisa ouviu 2.004 pessoas de 16 anos ou mais em 136 municípios pelo Brasil nos dia"
97e0bfdde8d7023c,https://revistaforum.com.br/politica/ultimas-pesquisas-primeiro-turno-presidente/,2026-10-08T01:31:05+00:00,245000,84262f0c9c095ea4ec6a463b2425c3ac1e53cf21471a63e83915937431147cb5,ok,pesquisa de presidente citada pela Wikipedia (conferencia de valores),"do primeiro turno Seis institutos divulgaram pesquisas neste sábado, nas vésperas da eleição de primeiro turno; veja os resultados Por: Yuri Ferreira Publicado: 03/10/2026 - às 22h11 Atualizado: 04/10/2026 - às 00h08 | 7 min de leitura Adicione como fonte preferencial no Google Lula e Flávio Bolsona"
a8104aba2b1070cf,https://www.poder360.com.br/poder-eleicoes-2026/lula-e-flavio-bolsonaro-empatam-com-44-no-2o-turno-diz-pesquisa/,2026-10-08T01:29:42+00:00,276771,78c3808f7ec08eba432aa1eabb565cbb96801f8d24c3781f37f48385b4e5f0af,ok,pesquisa de presidente citada pela Wikipedia (conferencia de valores),"Lula e Flávio Bolsonaro empatam com 44% no 2º turno, diz pesquisa --> Lula e Flávio Bolsonaro empatam com 44% no 2º turno, diz pesquisa Ir para o conteúdo 1 Ir para o menu 2 Ir para a busca 3 Ir para o rodapé 4 Disponível em https://www.poder360.com.br/poder-eleicoes-2026/lula-e-"
aa81ce432e8c2809,https://docs.google.com/viewerng/viewer?url=https://admin.cnnbrasil.com.br/wp-content/uploads/sites/12/2026/10/Relatorio_Tracking_Nacional_1_Turno_Final_Votos_Validos-3-1.pdf,2026-10-08T01:27:49+00:00,13898,b5e3c8380c021f374f108e0d112e847c886bc3705a2b8ea3f9fd55366c1654ca,trecho_nao_encontrado,pesquisa de presidente citada pela Wikipedia (conferencia de valores),
b00e9448d80e5412,https://g1.globo.com/politica/eleicoes/2026/pesquisa-eleitoral/noticia/2026/09/24/datafolha-presidente-24-setembro.ghtml,2026-10-08T01:30:01+00:00,1216561,274538a085cee0bbf4e8b5eb6aff95029bfd99594bcc6ea48df9ce50fc22c018,ok,pesquisa de presidente citada pela Wikipedia (conferencia de valores),"Datafolha, 1º turno: Lula, 40%; Flávio Bolsonaro, 36%; Cury, 5%; Caiado, 4%; Renan, 3%; Zema, 1% | G1 Pular para o conteúdo Eleições 2026 Pesquisa eleitoral Datafolha, 1º turno: Lula, 40%; Flávio Bolsonaro, 36%; Cury, 5%; Caiado, 4%; Renan, 3%; Zema, 1% Há uma semana, Lula tinha 39% e Flávio Bolsona"
b0fcb0d1a6fb5e69,https://g1.globo.com/politica/noticia/2025/12/16/quaest-primeiro-turno-2026.ghtml,2026-10-08T01:28:56+00:00,1193254,aa715a7489db50524776d325976d2e440cc502ce0c9d08891721d70368f474a2,ok,pesquisa de presidente citada pela Wikipedia (conferencia de valores),"Quaest: Lula Lidera, e Flávio fica em 2º em todos os cenários | G1 Pular para o conteúdo Política Quaest, 1º turno: Lula lidera, e Flávio é 2º em todos os cenários; Ratinho tem 13% e Tarcísio, 10% Em todos os cenários, Lula terminaria o 1º turno à frente, com percentuais que vão de 34% a"
b11bf028273f7659,https://g1.globo.com/politica/noticia/2025/08/21/quaest-eleicao-2026-lula-cenarios-agosto.ghtml,2026-10-08T01:28:51+00:00,1221209,f4e7ba592aed446a7fe9fe01bb32b51b9692ea3dd9f77b428642c56aa0eaed68,ok,pesquisa de presidente citada pela Wikipedia (conferencia de valores),"Quaest: Lula volta a ficar à frente de Tarcísio no 2º turno e venceria outros 8 | G1 Pular para o conteúdo Política Eleição 2026: Lula volta a ficar à frente de Tarcísio no 2º turno, diz Quaest; presidente também venceria os outros 8 potenciais adversários Presidente lidera todos os cinc"
beb2b8b92724df08,https://g1.globo.com/politica/eleicoes/2026/pesquisa-eleitoral/noticia/2026/08/21/datafolha-primeiro-turno-21-agosto.ghtml,2026-10-08T01:29:06+00:00,1234764,0df47737917c1a882e50b9d57a05286e777c7e301fa583011caee7d7c8b33296,ok,pesquisa de presidente citada pela Wikipedia (conferencia de valores),"Datafolha: veja os resultados da pesquisa para a Presidência | G1 Pular para o conteúdo Eleições 2026 Pesquisa eleitoral Datafolha - 1º turno: Lula, 39%; Flávio, 33%; Caiado, 5%; Renan, 4%; Zema, 3%; Cury, 2% Pesquisa divulgada nesta sexta-feira (21) é a primeira do instituto após o início das campa"
c5be34ebd44443f6,https://www.poder360.com.br/poder-pesquisas/atlasintel-lula-lidera-em-todos-os-cenarios-de-1o-turno/,2026-10-08T01:28:18+00:00,252297,8c906d0964240c47f40587425773b06d58e48811718f6950a837f2341ddb2396,ok,pesquisa de presidente citada pela Wikipedia (conferencia de valores),AtlasIntel: Lula lidera em todos os cenários de 1º turno --> AtlasIntel: Lula lidera em todos os cenários de 1º turno Ir para o conteúdo 1 Ir para o menu 2 Ir para a busca 3 Ir para o rodapé 4 Disponível em https://www.poder360.com.br/poder-pesquisas/atlasintel-lula-lidera-em-todos-os-cenari
ca205d8b0c6039ff,https://www1.folha.uol.com.br/poder/2026/10/datafolha-lula-tem-45-e-flavio-bolsonaro-40-em-votos-validos-no-1o-turno.shtml,2026-10-08T01:27:38+00:00,367778,b9a880ddf1471d44113bd514b2497dd5a870382ae47777cae4270426d7d1c044,ok,pesquisa de presidente citada pela Wikipedia (conferencia de valores),"Datafolha: Lula tem 45% e Flávio 40% em votos válidos - 01/10/2026 - Política - Folha Últimas notícias Gostaria de receber as principais notícias do Brasil e do mundo? Não, obrigado Sim, aceito Últimas notícias Gostaria de receber as principais notícias do Brasil e do mundo? Não, obrigado S"
de6b38902893ea80,https://www.cnnbrasil.com.br/eleicoes/futura-flavio-tem-422-das-intencoes-de-voto-no-1o-turno-lula-394/,2026-10-08T01:27:47+00:00,425509,41fc9ddbd3a2257d24eab40167bdcfacbf1c6fb0ebbf7a5d725e69442fd7492a,ok,pesquisa de presidente citada pela Wikipedia (conferencia de valores),"Futura: Flávio tem 42,2% das intenções de voto no 1º turno; Lula, 39,4% | CNN Brasil Pular para o conteúdo Ao vivo Política Money WW Agro Infra IA Esportes Viagem & Gastronomia Política Eleições Apuração Índice CNN Candidatos Colinha Eleitoral Monitor de Debates Futura: Flávio tem 42,2% das intençõe"
dfe6eb6118a1c210,https://www.cnnbrasil.com.br/eleicoes/indexa-broadcast-lula-tem-39-no-1o-turno-flavio-34/,2026-10-08T01:27:53+00:00,400695,0ff480c217e852bf57b8a696f28694867f8972efd2f8b86c1cd76ae51dbf511f,ok,pesquisa de presidente citada pela Wikipedia (conferencia de valores),"Indexa/Broadcast: Lula tem 39% no 1º turno; Flávio, 34% | CNN Brasil Pular para o conteúdo Ao vivo Política Money WW Agro Infra IA Esportes Viagem & Gastronomia Política Eleições Apuração Índice CNN Candidatos Colinha Eleitoral Monitor de Debates Indexa/Broadcast: Lula tem 39% no 1º turno; Flávio,"
eca0e94eb8d02f82,https://www.cnnbrasil.com.br/eleicoes/real-time-lula-lidera-contra-todos-os-adversarios-no-1o-turno/,2026-10-08T01:30:06+00:00,412855,fd0b6805dceac69b1b18c24e26fd4f754fb600e59934b5679d9dfaa9238e1d1e,ok,pesquisa de presidente citada pela Wikipedia (conferencia de valores),Real Time: Lula lidera contra todos os adversários no 1º turno | CNN Brasil Pular para o conteúdo Ao vivo Política Money WW Agro Infra IA Esportes Viagem & Gastronomia Política Eleições Apuração Índice CNN Candidatos Colinha Eleitoral Monitor de Debates Real Time: Lula lidera contra todos o
ed575e3f13f117db,https://www.cnnbrasil.com.br/eleicoes/lula-tem-441-no-1o-turno-flavio-417-diz-atlas/,2026-10-08T01:29:10+00:00,407608,4f7cd197aee67febbabaacecf0130d1afb06fc24d29ff53e9dfdafb3d338bdc0,ok,pesquisa de presidente citada pela Wikipedia (conferencia de valores),"Lula tem 44,1% no 1º turno; Flávio, 41,7%, diz Atlas | CNN Brasil Pular para o conteúdo Ao vivo Política Money WW Agro Infra IA Esportes Viagem & Gastronomia Política Eleições Apuração Índice CNN Candidatos Colinha Eleitoral Monitor de Debates Lula tem 44,1% no 1º turno; Flávio,"
faf06c59fc2dcb2c,https://www.jota.info/eleicoes/eleicoes-2026/lula-lidera-com-39-e-flavio-bolsonaro-tem-30-no-1o-turno-diz-indexa-pesquisas,2026-10-08T01:29:53+00:00,85854,0615758f331e1a82f08d5b6c272cfd762b3acfd633203348d58939a447e54106,ok,pesquisa de presidente citada pela Wikipedia (conferencia de valores),"Lula lidera com 39%, e Flávio Bolsonaro tem 30% no 1º turno, diz Indexa Pesquisas Entrar ‌ Início Eleições Eleições 2026 ELEIÇÕES 2026 Lula lidera com 39%, e Flávio Bolsonaro tem 30% no 1º turno, diz Indexa Pesquisas Lula abre cinco pontos sobre candidato do PL em eventual segund"
fc9a36109a19b8c2,https://www1.folha.uol.com.br/poder/2025/08/datafolha-lula-ganha-vantagem-sobre-bolsonarismo-em-1o-e-2o-turnos.shtml,2026-10-08T01:28:27+00:00,337921,4d5f74878962143539e13650bbcd87efcf3a520f8b267fa1ec71191a8dcbbd5b,ok,pesquisa de presidente citada pela Wikipedia (conferencia de valores),"Datafolha: Lula ganha vantagem sobre bolsonarismo - 02/08/2025 - Poder - Folha Últimas notícias Gostaria de receber as principais notícias do Brasil e do mundo? Não, obrigado Sim, aceito Últimas notícias Gostaria de receber as principais notícias do Brasil e do mundo? Não, obrigado Sim, ace"
fcfe6d2dbe15701e,https://www.cnnbrasil.com.br/eleicoes/cnt-mda-lula-tem-478-dos-votos-validos-no-1o-turno-flavio-421/,2026-10-08T01:27:57+00:00,409238,c36889618a0369dcd8b5cd670870beea9b17ca8e84f1eaa496e51dbb5ac902c5,ok,pesquisa de presidente citada pela Wikipedia (conferencia de valores),"CNT/MDA: Lula tem 47,8% dos votos válidos no 1º turno; Flávio, 42,1% | CNN Brasil Pular para o conteúdo Ao vivo Política Money WW Agro Infra IA Esportes Viagem & Gastronomia Política Eleições Apuração Índice CNN Candidatos Colinha Eleitoral Monitor de Debates CNT/MDA: Lula tem 47,8% dos v"
