id,evento,alvo,tipo,data_confirmada,confirmado,fontes_ok,fontes_que_falharam,urls_ok
V01,INSS: operação da PF e da CGU sobre descontos em benefícios,lula_governo,exposicao,2025-04-23,True,2,0,https://www.nsctotal.com.br/?p=7489108 | https://www.itatiaia.com.br/brasil/presidente-do-inss-e-afastado-em-operacao-que-apura-fraude-bilionaria-contra-aposentados/
V02,IOF: decreto do governo e derrubada pelo Congresso,lula_governo,exposicao,2025-06-25,True,3,1,https://www.band.com.br/noticias/camara-derruba-decreto-de-aumento-do-iof-202506251932 | https://diariodonordeste.verdesmares.com.br/negocios/congresso-aprova-derrubada-do-decreto-de-lula-sobre-aumento-do-iof-1.3663739 | https://sbtnews.sbt.com.br/noticia/politica/senado-derruba-alta-do-iof-e-impoe-derrota-ao-governo
V03,Tarifa dos EUA e sanções da Lei Magnitsky ao ministro Alexandre de Moraes,flavio_oposicao,exposicao,2025-07-30,True,2,0,https://www.mobiletime.com.br/noticias/30/07/2025/trump-tarifa-50-porcento/ | https://sbtnews.sbt.com.br/noticia/politica/sbt-noticias-trump-oficializa-tarifa-de-50-ao-brasil-e-impoe-sancoes-a-alexandre-de-moraes
V04,Condenação de Jair Bolsonaro pela 1ª Turma do STF,flavio_oposicao,exposicao,2025-09-11,True,3,2,https://monitormercantil.com.br/primeira-turma-do-stf-mantem-pena-de-27-anos-para-bolsonaro/ | https://www.metropoles.com/brasil/trama-golpista-stf-condena-bolsonaro-a-27-anos-e-3-meses-de-prisao | https://mais.opovo.com.br/jornal/politica/2025/09/13/prisao-de-bolsonaro-para-cumprimento-de-pena-tem-estimativa-de-ocorrer-ate-dezembro.html
V05,PEC da Blindagem e urgência da anistia na Câmara,flavio_oposicao,exposicao,,False,0,0,
V06,Início do cumprimento de pena de Jair Bolsonaro,flavio_oposicao,exposicao,,False,0,0,
V07,Liquidação do Banco Master pelo Banco Central,lula_governo,exposicao,,False,0,0,
V08,Contrato do escritório da esposa do ministro Alexandre de Moraes com o Banco Master,lula_governo,exposicao,,False,0,0,
V09,Mensagens entre Daniel Vorcaro e o ministro Alexandre de Moraes divulgadas e crise do STF (1 a 15 de setembro),lula_governo,exposicao,2026-09-01,True,2,0,https://www.gazetasp.com.br/politica/flavio-bolsonaro-diz-que-mensagens-de-vorcaro-indicam-protecao-do-proprio-alexandre-de-moraes/ | https://gazetadopovo.com.br/eleicoes/2026/moraes-vota-em-colegio-de-sao-paulo-sob-crise-no-stf-por-relacao-com-vorcaro
V10,Menções ao ministro Dias Toffoli no caso Master,lula_governo,exposicao,,False,0,0,
V11,Nova tarifa dos EUA,flavio_oposicao,exposicao,,False,0,0,
V12,Fim das sanções da Lei Magnitsky ao ministro,ambos,exposicao,2025-12-12,True,2,0,https://www.poder360.com.br/poder-internacional/eua-retiram-moraes-mulher-e-empresa-da-familia-da-magnitsky/ | https://www.infomoney.com.br/politica/eua-retiram-alexandre-de-moraes-da-lista-de-sancionados-pela-lei-magnitsky/
V13,Operação Contenção no Rio de Janeiro,ambos,exposicao,,False,0,0,
V14,Preocupações com a idade e a saúde de Lula (matéria da Economist),lula_governo,exposicao,,False,0,0,
V15,Flávio Bolsonaro anuncia a candidatura com o aval do pai,flavio_oposicao,marco,,False,0,0,
V16,Fala de Flávio sobre desistir em troca de favores e retratação,flavio_oposicao,exposicao,2025-12-07,True,2,0,https://www.poder360.com.br/poder-eleicoes/preco-para-nao-me-candidatar-e-bolsonaro-livre-nas-urnas-diz-flavio/ | https://www.congressoemfoco.com.br/noticia/114591/flavio-bolsonaro-fala-em-preco-para-desistir-de-disputar-planalto
V17,Banco Master: relações de Flávio Bolsonaro com Daniel Vorcaro,flavio_oposicao,exposicao,2026-05-13,True,2,0,https://www.intercept.com.br/2026/05/13/flavio-bolsonaro-mentiu-banco-master-duas-vezes/ | https://www.opovo.com.br/agencia/bbc/2026/05/13/amp/ligacao-de-flavio-bolsonaro-e-vorcaro-abre-crise-na-campanha-bolsonarista-balde-de-agua-fria.html
V18,Banco Master: relações de Jaques Wagner e de Ciro Nogueira com Daniel Vorcaro,ambos,exposicao,,False,0,0,
V19,INSS: investigação de Fábio Luís Lula da Silva e do chefe de gabinete Marco Aurélio Santana,lula_governo,exposicao,2026-07-30,True,2,0,https://www.opovo.com.br/noticias/mundo/2026/08/01/por-que-a-policia-federal-quer-investigar-lulinha.html | https://www.band.com.br/nacional/por-que-a-policia-federal-quer-investigar-lulinha
V20,Lançamento das campanhas de Lula e de Flávio,ambos,marco,,False,0,0,
V21,Debate da Record cancelado sem Lula e Flávio,ambos,exposicao,2026-09-23,True,2,0,https://www.poder360.com.br/poder-midia/sem-lula-nem-flavio-record-cancela-debate-do-dia-27/ | https://www.oliberal.com/eleicoes/record-confirma-cancelamento-do-debate-presidencial-marcado-para-domingo-1.1172294
V22,"Plataforma ""Tem Meu Voto"" no programa de Luciano Huck e a investigação aberta",ambos,exposicao,,False,0,0,
V23,Nossa Senhora Aparecida: reportagem da GloboNews e reação de Flávio e da CNBB,flavio_oposicao,exposicao,2026-09-24,True,3,1,https://diariodonordeste.verdesmares.com.br/pontopoder/entenda-a-polemica-envolvendo-flavio-bolsonaro-e-nossa-senhora-aparecida-1.3794211 | https://investidor10.com.br/noticias/flavio-quer-tirar-de-nossa-senhora-aparecida-o-titulo-de-padroeira-do-brasil-entenda-122845/ | https://ncnews.com.br/?p=52608
V24,Interferência estrangeira: Rockbridge Network citada e notificação da ABIN,flavio_oposicao,exposicao,,False,0,0,
V25,Decisões do TSE sobre painéis de LED em atos de Lula e sobre o vídeo que associa Flávio ao Master,lula_governo,exposicao,,False,0,0,
V26,Lula avisa que não vai ao debate da Globo,lula_governo,exposicao,2026-09-30,True,2,0,https://www.bemparana.com.br/eleicoes-2026/lula-confirma-que-nao-vai-participar-do-debate-da-globo-nesta-quinta/ | https://tribunadejundiai.com.br/politica/eleicoes-2026/globo-cancela-ultimo-debate-presidencial-apos-ausencias-de-lula-e-flavio-bolsonaro-e-decisoes-da-justica/
V27,TV Globo cancela o debate e Flávio desiste de comparecer,ambos,exposicao,2026-10-01,True,2,0,https://www.cnnbrasil.com.br/eleicoes/tv-globo-cancela-debate-presidencial/ | https://www.jornalopcao.com.br/ultimas-noticias/globo-cancela-debate-presidencial-apos-decisoes-do-tse-e-do-stf-874361/
V28,Ricardo Salles (Novo) desiste do Senado por SP para apoiar a chapa de Flávio,flavio_oposicao,marco,,False,0,0,
V29,Zema condiciona a retirada da candidatura a uma desistência em bloco,flavio_oposicao,marco,,False,0,0,
