ano,candidato,votos,pct_validos
2018,caiado,0,0.0
2018,cury,0,0.0
2018,flavio,0,0.0
2018,lula,0,0.0
2018,outros_nom,4241642,3.962274949920212
2018,renan,0,0.0
2018,zema,0,0.0
2018,ciro,13344366,12.465466704725902
2018,felipe,0,0.0
2018,jair,49276990,46.03146212822034
2018,soraya,0,0.0
2018,tebet,0,0.0
2018,alckmin,5096349,4.760688426498729
2018,amoedo,2679744,2.5032481580008374
2018,haddad,31342005,29.277728127874543
2018,marina,1069577,0.9991315047594329
2018,_validos,107050673,100.0
2018,_aptos,147306295,
2018,_comparecimento,117364560,
2018,_abstencao_pct,0,20.326174791104478
2022,caiado,0,0.0
2022,cury,0,0.0
2022,flavio,0,0.0
2022,lula,57259504,48.43071985986874
2022,outros_nom,222497,0.18819041598161965
2022,renan,0,0.0
2022,zema,0,0.0
2022,ciro,3599287,3.0443166324365536
2022,felipe,559708,0.4734071980666722
2022,jair,51072345,43.19755255444699
2022,soraya,600955,0.5082943654801378
2022,tebet,4915423,4.15751897371929
2022,alckmin,0,0.0
2022,amoedo,0,0.0
2022,haddad,0,0.0
2022,marina,0,0.0
2022,_validos,118229719,100.0
2022,_aptos,156453354,
2022,_comparecimento,123682372,
2022,_abstencao_pct,0,20.94616776320436
2026,caiado,2605058,2.1835810281929744
2026,cury,3448408,2.8904839302114875
2026,flavio,56102746,47.02578284058523
2026,lula,53877792,45.16080810950359
2026,outros_nom,265892,0.22287285993182734
2026,renan,2675738,2.2428255851558823
2026,zema,326465,0.2736456464190123
2026,ciro,0,0.0
2026,felipe,0,0.0
2026,jair,0,0.0
2026,soraya,0,0.0
2026,tebet,0,0.0
2026,alckmin,0,0.0
2026,amoedo,0,0.0
2026,haddad,0,0.0
2026,marina,0,0.0
2026,_validos,119302099,100.0
2026,_aptos,158739596,
2026,_comparecimento,125270285,
2026,_abstencao_pct,0,21.084412360479988
