uf,peso_2022,peso_2026,margem_2022,margem_2026,dentro,composicao,contribuicao,pct_da_virada
AC,0.0037293246040786075,0.003931942555344311,33.23981611051513,35.821986872427196,0.009891350029129489,0.006996580515559722,0.016887930544689213,0.23792043689517914
AL,0.014583617508217203,0.015246412387094715,-20.452240060270835,-14.27988668056862,0.09206074292047332,-0.011510137868176541,0.08055060505229678,1.1348125275325827
AM,0.01739559238908451,0.018196201225260923,-6.782108606314266,-3.235237891235901,0.06311974523391749,-0.004009988060489759,0.05910975717342773,0.8327497092823153
AP,0.003655265390591007,0.0038966204609694253,-2.2586489757289527,-0.04840010755579457,0.008345773577992167,-0.0002784089969313278,0.008067364581060839,0.11365459495700518
BA,0.07124273043396136,0.07175516668822399,-45.417052910314226,-37.63997653419608,0.5560527837717604,-0.02128071652936291,0.5347720672423975,7.533972474659462
CE,0.04592131357429683,0.04709046233964417,-40.53087121937706,-32.01167463600422,0.39619280178974314,-0.04240651396098577,0.3537862878287574,4.984209755304306
DF,0.014908053701793877,0.014860300152807874,14.800107796831341,13.198354076593537,-0.023840785765981864,-0.0006685129603026741,-0.024509298726284538,-0.34529174818200836
ES,0.018786562454741182,0.01886973505805627,11.826502726089872,17.020529948707335,0.09779391719222609,0.0011996414027391489,0.09899355859496524,1.3946404296486925
GO,0.031138270742231907,0.03208602390139003,12.643865804655697,22.545030865245707,0.3129970885529388,0.01667519399309391,0.3296722825460327,4.6444869777279445
MA,0.031985570396221616,0.033618721159298294,-42.8277376644291,-33.092308137261945,0.31934297855924576,-0.061994440366924045,0.25734853819232173,3.6255760573522453
MG,0.10163800693800178,0.10038519942553567,-4.687727419153102,4.914144051956532,0.9699004308420722,-0.00014182822926170818,0.9697586026128105,13.662147046729478
MS,0.012746279131391659,0.01249226972947056,13.661878089355662,23.92022298058045,0.12945286938437658,-0.004773103507856371,0.12467976587652022,1.7565126935377409
MT,0.015587349911573418,0.0167087001545547,25.455589270753297,35.96398685049486,0.16968986717505657,0.03443642830368445,0.20412629547874103,2.8757707922578533
PA,0.03958341472502358,0.040765041359414805,-11.945825754882119,-5.413546821073107,0.26242926352222773,-0.010256148496034654,0.25217311502619305,3.552663693250299
PB,0.02048290413343535,0.021071188361908032,-34.5813333509519,-28.233731940455964,0.13188440806766014,-0.018476556110708548,0.11340785195695159,1.5977117867426822
PE,0.04611369329229312,0.046949341603788546,-35.35181251534985,-32.42059896574903,0.13639381442718423,-0.028316950610076823,0.1080768638171074,1.5226077931563506
PI,0.017291642213917467,0.017991686801755266,-54.349374335375025,-46.89994530493662,0.13142032772993104,-0.035439519118229804,0.09598080861170123,1.3521962242810002
PR,0.05554241400167753,0.05520029450613438,19.26550124231661,28.710725712856604,0.5229948701659314,-0.00820680128198377,0.5147880688839476,7.252434034660955
RJ,0.07998561681433075,0.07854083941976578,10.406435579855376,13.594569612854182,0.2527017951253094,-0.01733805487463164,0.23536374025067774,3.3158499652483755
RN,0.016977660244629357,0.017367347409369554,-31.9563345927591,-24.97489093665373,0.11988886790245051,-0.011092683930870798,0.10879618397157971,1.5327417148329399
RO,0.007639661225956225,0.00811490332621893,35.379164890643075,41.55672046481601,0.04866234903397848,0.018281585870949534,0.06694393490492802,0.9431191227318027
RR,0.0025236379019051886,0.0027288622977203443,46.528627303774854,48.194643674418465,0.004375375659692486,0.0097197630280675,0.014095138687759988,0.1985750442196476
RS,0.056142838333228216,0.053840620188920565,6.603907467467902,19.91226003958402,0.7318493215567324,-0.030523000976117952,0.7013263205806145,9.880421059115562
SC,0.036631940231541954,0.03772843091386011,32.67594615911765,41.60893794179665,0.3321302921994185,0.04072634162686844,0.3728566338262869,5.252876483857456
SE,0.010982281028681122,0.011435280782444573,-34.665350207018925,-32.118675934742306,0.028545113955782325,-0.015126573698774883,0.013418540257007443,0.18904299446249956
SP,0.21700410198894238,0.20855457874215608,6.820760128863305,13.732105370849458,1.4705914816283912,-0.08683095741394756,1.3837605242144435,19.494686315069824
TO,0.0072891317622094665,0.007799317931531113,-6.39469848873046,7.0192106182326235,0.10119754637841054,0.00015930872552280642,0.10135685510393334,1.427935008664081
ZZ,0.002491124926043341,0.002774511117360978,-5.563194974959681,-4.074560807238561,0.003919302864497759,-0.0013656034519833474,0.002553699412514412,0.035977012003726966
