candidato,termo,votos_ordem_a,votos_ordem_b
pl,apto,691340.7862533018,732084.0408205279
pl,comparecimento,-188578.79926766193,-153517.38744699847
pl,validos,-161209.05408805492,-180362.62481773744
pl,parcela,4686605.067102415,4629953.971444208
pl,total,5028158.0,5028158.0
pt,apto,976308.6381131525,856806.9792795165
pt,comparecimento,38569.89976395742,58372.51435154927
pt,validos,-281645.29199600697,-258822.556021648
pt,parcela,-4115709.2458811025,-4038832.937609418
pt,total,-3382476.0,-3382476.0
