origem,destino,B_amplo,B_enxuto,dif_amplo_enxuto,min_regioes,max_regioes,amplitude_regioes,robusto
jair22,flavio26,0.9711198194609494,0.9715290795376632,0.00040926007671382436,0.891663821761777,1.0,0.10833617823822295,True
jair22,lula26,0.0,0.0,0.0,1.8944950656526495e-18,1.3677672965303178e-17,1.1783177899650529e-17,True
jair22,abst26,0.012642325865144757,0.014535393479251665,0.0018930676141069077,0.0,0.05873061482792618,0.05873061482792618,True
lula22,lula26,0.9262547326648981,0.9325202590890022,0.006265526424104051,0.7021513143134765,0.9316647072888736,0.22951339297539708,False
lula22,flavio26,0.019007144606514786,0.018596744550345965,0.00041040005616882133,0.0,0.12159241917996572,0.12159241917996572,True
lula22,abst26,0.018710451208052665,0.0027517871216844875,0.015958664086368177,0.04742859155759919,0.16225705849104613,0.11482846693344695,True
abst22,flavio26,0.1435948939897328,0.14378217093039472,0.00018727694066192346,0.0,0.2954473387583984,0.2954473387583984,False
abst22,lula26,0.0,1.0512843545728342e-17,1.0512843545728342e-17,2.0817324086850282e-18,0.19628056244284614,0.19628056244284614,False
abst22,abst26,0.7989573703647369,0.8156606577859492,0.0167032874212123,0.6291208912177918,0.8727917938153913,0.2436709025975995,False
terceiros22,flavio26,,9.870964625276993e-18,,0.0,0.296565634672916,0.296565634672916,False
terceiros22,lula26,,5.701683170434115e-18,,0.10241118553016225,0.7071439646870186,0.6047327791568563,False
terceiros22,caiado26,,0.14188337374070928,,0.092128524878077,0.14585223531106337,0.05372371043298636,True
terceiros22,cury26,,0.21677311711680658,,0.06429095297636787,0.3299419733520859,0.265651020375718,False
terceiros22,renan26,,0.23433122406477727,,0.09768025379210395,0.2409260599911565,0.14324580619905253,True
bn22,flavio26,0.0,1.8004744085074222e-16,1.8004744085074222e-16,0.0,0.09835408808277753,0.09835408808277753,True
bn22,lula26,1.6591555639364127e-17,2.8430872632827404e-17,1.1839316993463277e-17,0.0,8.495994570844809e-17,8.495994570844809e-17,True
