pesquisa,instituto,campo_fim,via,n,conjunto,valido_Lula,valido_Flavio,outros_valido,margem,casa,margem_aj
Datafolha|2025-12-02|2025-12-04|2002,Datafolha,2025-12-04,fonte_citada_2025,5,Caiado+Flavio+Lula+Ratinho+Zema,48.80952380952381,21.428571428571427,29.761904761904763,-27.380952380952383,-1.159204810442921,-26.22174757050946
Ipec|2025-12-04|2025-12-08|2000,Ipec,2025-12-08,fonte_citada_2025,5,Caiado+Flavio+Lula+Ratinho+Zema,49.35064935064935,24.675324675324674,25.974025974025977,-24.675324675324674,-4.571891461951704,-20.10343321337297
Gerp|2025-12-06|2025-12-10|2000,Gerp,2025-12-10,fonte_citada_2025,6,Caiado+Ciro+Flavio+Lula+Ratinho+Zema,38.63636363636363,28.40909090909091,32.95454545454545,-10.227272727272723,6.8649027098056115,-17.092175437078335
Quaest|2025-12-11|2025-12-14|2004,Quaest,2025-12-14,fonte_citada_2025,6,Caiado+Ciro+Flavio+Lula+Ratinho+Zema,40.963855421686745,25.301204819277107,33.73493975903615,-15.662650602409638,-2.386485667135243,-13.276164935274394
AtlasIntel|2025-12-10|2025-12-15|18154,AtlasIntel,2025-12-15,fonte_citada_2025,6,Caiado+Flavio+Lula+Ratinho+Tarcisio+Zema,48.87755102040816,21.73469387755102,29.387755102040817,-27.142857142857142,-3.2472370410852758,-23.89562010177187
Quaest|2026-01-08|2026-01-11|2004,Quaest,2026-01-11,registro_tse,6,Caiado+Flavio+Lula+Ratinho+Tarcisio+Zema,43.90243902439025,28.048780487804876,28.048780487804876,-15.853658536585371,-2.386485667135243,-13.467172869450128
Ideia|2026-01-08|2026-01-12|2000,Ideia,2026-01-12,registro_tse,5,Caiado+Flavio+Lula+Ratinho+Zema,48.7116564417178,32.515337423312886,18.773006134969314,-16.196319018404914,-0.36170805283996627,-15.834610965564949
Futura|2026-01-15|2026-01-19|2000,Futura,2026-01-19,registro_tse,5,Caiado+Flavio+Lula+Tarcisio+Zema,41.997729852440415,37.79795686719636,20.204313280363223,-4.199772985244053,4.238267280819907,-8.438040266063961
AtlasIntel|2026-01-15|2026-01-20|5418,AtlasIntel,2026-01-20,registro_tse,6,Caiado+Flavio+Lula+Ratinho+Tarcisio+Zema,49.59016393442623,28.688524590163937,21.721311475409834,-20.901639344262293,-3.2472370410852758,-17.654402303177015
Paraná Pesquisas|2026-01-25|2026-01-28|2080,Paraná Pesquisas,2026-01-28,registro_tse,5,Caiado+Flavio+Lula+Ratinho+Zema,44.97175141242937,37.40112994350282,17.627118644067806,-7.5706214689265465,2.370925373569792,-9.941546842496338
Gerp|2026-01-28|2026-02-02|2000,Gerp,2026-02-02,registro_tse,5,Caiado+Flavio+Lula+Ratinho+Zema,43.82022471910113,39.325842696629216,16.853932584269657,-4.49438202247191,6.8649027098056115,-11.359284732277523
Ideia|2026-01-30|2026-02-02|1500,Ideia,2026-02-02,registro_tse,4,Flavio+Lula+Ratinho+Zema,46.74556213017752,37.8698224852071,15.38461538461538,-8.875739644970416,-0.36170805283996627,-8.51403159213045
Real Time|2026-02-06|2026-02-07|2000,Real Time,2026-02-07,registro_tse,4,Flavio+Lula+Ratinho+Zema,45.88235294117647,35.294117647058826,18.823529411764703,-10.588235294117645,-1.4359215883547312,-9.152313705762914
Futura|2026-02-03|2026-02-07|2000,Futura,2026-02-07,registro_tse,4,Flavio+Lula+Tarcisio+Zema,40.86859688195992,38.08463251670379,21.04677060133629,-2.783964365256125,4.238267280819907,-7.022231646076032
Quaest|2026-02-05|2026-02-09|2004,Quaest,2026-02-09,registro_tse,4,Caiado+Flavio+Lula+Zema,48.717948717948715,38.46153846153846,12.820512820512825,-10.256410256410255,-2.386485667135243,-7.869924589275012
AtlasIntel|2026-02-19|2026-02-24|4986,AtlasIntel,2026-02-24,registro_tse,5,Caiado+Flavio+Lula+Tarcisio+Zema,48.11031664964249,33.810010214504594,18.079673135852914,-14.300306435137898,-3.2472370410852758,-11.053069394052622
Paraná Pesquisas|2026-02-22|2026-02-25|2080,Paraná Pesquisas,2026-02-25,registro_tse,4,Caiado+Flavio+Lula+Zema,46.55172413793103,42.06896551724138,11.379310344827587,-4.482758620689651,2.370925373569792,-6.853683994259443
Real Time|2026-02-28|2026-03-02|2000,Real Time,2026-03-02,registro_tse,4,Caiado+Flavio+Lula+Zema,47.05882352941177,38.8235294117647,14.117647058823529,-8.235294117647065,-1.4359215883547312,-6.799372529292334
Datafolha|2026-03-03|2026-03-05|2004,Datafolha,2026-03-05,registro_tse,4,Caiado+Flavio+Lula+Zema,45.88235294117647,38.8235294117647,15.294117647058826,-7.058823529411768,-1.159204810442921,-5.899618718968847
Futura|2026-03-02|2026-03-06|2000,Futura,2026-03-06,registro_tse,4,Flavio+Lula+Ratinho+Zema,39.91370010787487,40.56094929881338,19.525350593311757,0.6472491909385099,4.238267280819907,-3.5910180898813975
Quaest|2026-03-06|2026-03-09|2004,Quaest,2026-03-09,registro_tse,4,Caiado+Flavio+Lula+Zema,49.36708860759494,40.50632911392405,10.12658227848101,-8.860759493670884,-2.386485667135243,-6.47427382653564
Ideia|2026-03-06|2026-03-10|1500,Ideia,2026-03-10,registro_tse,4,Caiado+Flavio+Lula+Zema,45.743473325766175,39.727582292849036,14.52894438138479,-6.015891032917139,-0.36170805283996627,-5.654182980077173
AtlasIntel|2026-03-18|2026-03-23|5028,AtlasIntel,2026-03-23,registro_tse,5,Caiado+Flavio+Lula+Tarcisio+Zema,46.34888438133874,36.308316430020284,17.342799188640974,-10.040567951318458,-3.2472370410852758,-6.793330910233182
Gerp|2026-03-20|2026-03-25|2000,Gerp,2026-03-25,registro_tse,5,Caiado+Flavio+Lula+Ratinho+Zema,41.75824175824176,39.56043956043956,18.68131868131868,-2.197802197802197,6.8649027098056115,-9.06270490760781
Paraná Pesquisas|2026-03-25|2026-03-28|2080,Paraná Pesquisas,2026-03-28,registro_tse,4,Caiado+Flavio+Lula+Zema,46.93181818181818,42.954545454545446,10.113636363636374,-3.9772727272727337,2.370925373569792,-6.3481981008425254
Nexus|2026-03-27|2026-03-29|2000,Nexus,2026-03-29,registro_tse,4,Caiado+Flavio+Lula+Zema,45.55555555555556,42.22222222222222,12.222222222222221,-3.3333333333333357,1.1743552681055336,-4.507688601438869
Ideia|2026-04-03|2026-04-07|1500,Ideia,2026-04-07,registro_tse,5,Caiado+Flavio+Lula+Renan+Zema,44.64088397790055,40.88397790055249,14.475138121546962,-3.756906077348063,-0.36170805283996627,-3.3951980245080966
Datafolha|2026-04-07|2026-04-09|2004,Datafolha,2026-04-09,registro_tse,5,Caiado+Flavio+Lula+Renan+Zema,45.348837209302324,40.69767441860465,13.953488372093027,-4.651162790697676,-1.159204810442921,-3.491957980254755
Futura|2026-04-07|2026-04-11|2000,Futura,2026-04-11,registro_tse,6,Caiado+Cury+Flavio+Lula+Renan+Zema,45.02262443438913,42.194570135746595,12.782805429864275,-2.8280542986425345,4.238267280819907,-7.066321579462442
MDA|2026-04-08|2026-04-12|2002,MDA,2026-04-12,registro_tse,5,Caiado+Flavio+Lula+Renan+Zema,48.57496902106568,37.42255266418835,14.002478314745971,-11.152416356877325,-6.64776475801281,-4.504651598864514
Quaest|2026-04-09|2026-04-13|2004,Quaest,2026-04-13,registro_tse,6,Caiado+Cury+Flavio+Lula+Renan+Zema,44.04761904761905,38.095238095238095,17.857142857142854,-5.952380952380956,-2.386485667135243,-3.565895285245713
Nexus|2026-04-24|2026-04-26|2028,Nexus,2026-04-26,registro_tse,6,Caiado+Cury+Flavio+Lula+Renan+Zema,44.56521739130435,39.130434782608695,16.304347826086953,-5.434782608695656,1.1743552681055336,-6.6091378768011895
AtlasIntel|2026-04-22|2026-04-27|5008,AtlasIntel,2026-04-27,registro_tse,6,Caiado+Cury+Flavio+Lula+Renan+Zema,46.881287726358146,39.93963782696177,13.179074446680083,-6.941649899396374,-3.2472370410852758,-3.6944128583110984
Real Time|2026-05-02|2026-05-04|2000,Real Time,2026-05-04,registro_tse,6,Caiado+Cury+Flavio+Lula+Renan+Zema,44.943820224719104,38.20224719101124,16.853932584269657,-6.741573033707866,-1.4359215883547312,-5.305651445353135
Ideia|2026-05-01|2026-05-05|1500,Ideia,2026-05-05,registro_tse,6,Caiado+Cury+Flavio+Lula+Renan+Zema,44.004400440044,39.603960396039604,16.391639163916395,-4.400440044004398,-0.36170805283996627,-4.038731991164432
Futura|2026-05-04|2026-05-08|2000,Futura,2026-05-08,registro_tse,6,Caiado+Cury+Flavio+Lula+Renan+Zema,42.36725663716813,39.93362831858407,17.699115044247797,-2.433628318584063,4.238267280819907,-6.67189559940397
Quaest|2026-05-08|2026-05-11|2004,Quaest,2026-05-11,registro_tse,6,Caiado+Cury+Flavio+Lula+Renan+Zema,45.88235294117647,38.8235294117647,15.294117647058826,-7.058823529411768,-2.386485667135243,-4.672337862276525
Vox Brasil|2026-05-09|2026-05-12|2100,Vox Brasil,2026-05-12,registro_tse,6,Caiado+Cury+Flavio+Lula+Renan+Zema,41.294117647058826,44.47058823529411,14.235294117647065,3.176470588235283,1.374621304448267,1.801849283787016
Datafolha|2026-05-12|2026-05-13|2004,Datafolha,2026-05-13,registro_tse,6,Caiado+Cury+Flavio+Lula+Renan+Zema,43.18181818181818,39.77272727272727,17.045454545454547,-3.4090909090909065,-1.159204810442921,-2.249886098647986
AtlasIntel|2026-05-13|2026-05-18|5032,AtlasIntel,2026-05-18,registro_tse,6,Caiado+Cury+Flavio+Lula+Renan+Zema,48.60392967942089,35.47052740434332,15.925542916235791,-13.133402275077565,-3.2472370410852758,-9.886165233992289
Vox Brasil|2026-05-17|2026-05-19|2100,Vox Brasil,2026-05-19,registro_tse,6,Caiado+Cury+Flavio+Lula+Renan+Zema,48.4247374562427,37.45624270711785,14.119019836639445,-10.96849474912485,1.374621304448267,-12.343116053573118
Futura|2026-05-15|2026-05-20|2000,Futura,2026-05-20,registro_tse,6,Caiado+Cury+Flavio+Lula+Renan+Zema,47.76286353467561,39.82102908277405,12.416107382550344,-7.941834451901563,4.238267280819907,-12.180101732721472
Datafolha|2026-05-20|2026-05-22|2004,Datafolha,2026-05-22,registro_tse,6,Caiado+Cury+Flavio+Lula+Renan+Zema,45.45454545454545,35.22727272727273,19.31818181818182,-10.227272727272727,-1.159204810442921,-9.068067916829806
Nexus|2026-05-22|2026-05-24|2045,Nexus,2026-05-24,registro_tse,6,Caiado+Cury+Flavio+Lula+Renan+Zema,43.956043956043956,38.46153846153846,17.582417582417584,-5.494505494505496,1.1743552681055336,-6.66886076261103
Indexa|2026-05-22|2026-05-24|2000,Indexa,2026-05-24,registro_tse,6,Caiado+Cury+Flavio+Lula+Renan+Zema,47.5609756097561,36.58536585365854,15.853658536585364,-10.975609756097562,-2.3811619861330366,-8.594447769964525
Ideia|2026-05-23|2026-05-27|1500,Ideia,2026-05-27,registro_tse,5,Caiado+Flavio+Lula+Renan+Zema,45.616113744075825,37.322274881516584,17.06161137440759,-8.293838862559241,-0.36170805283996627,-7.932130809719275
PoderData|2026-05-25|2026-05-28|2400,PoderData,2026-05-28,registro_tse,6,Caiado+Cury+Flavio+Lula+Renan+Zema,43.956043956043956,38.46153846153846,17.582417582417584,-5.494505494505496,2.4828519454729,-7.977357439978396
Real Time|2026-05-29|2026-05-30|2000,Real Time,2026-05-30,registro_tse,6,Caiado+Cury+Flavio+Lula+Renan+Zema,40.86021505376344,33.333333333333336,25.806451612903224,-7.526881720430104,-1.4359215883547312,-6.090960132075374
Vox Brasil|2026-06-01|2026-06-03|2100,Vox Brasil,2026-06-03,registro_tse,6,Caiado+Cury+Flavio+Lula+Renan+Zema,44.40928270042194,35.44303797468355,20.14767932489451,-8.966244725738392,1.374621304448267,-10.340866030186659
Quaest|2026-06-05|2026-06-08|2004,Quaest,2026-06-08,registro_tse,6,Caiado+Cury+Flavio+Lula+Renan+Zema,48.148148148148145,35.80246913580247,16.049382716049386,-12.345679012345677,-2.386485667135243,-9.959193345210434
Futura|2026-06-08|2026-06-12|2000,Futura,2026-06-12,registro_tse,6,Caiado+Cury+Flavio+Lula+Renan+Zema,46.22222222222222,37.888888888888886,15.888888888888893,-8.333333333333336,4.238267280819907,-12.571600614153244
Nexus|2026-06-12|2026-06-14|2017,Nexus,2026-06-14,registro_tse,6,Caiado+Cury+Flavio+Lula+Renan+Zema,45.65217391304348,35.869565217391305,18.47826086956522,-9.782608695652172,1.1743552681055336,-10.956963963757705
MDA|2026-06-10|2026-06-14|2002,MDA,2026-06-14,registro_tse,6,Caiado+Cury+Flavio+Lula+Renan+Zema,49.1186839012926,33.13748531139836,17.743830787309044,-15.981198589894241,-6.64776475801281,-9.33343383188143
Datafolha|2026-06-17|2026-06-18|2004,Datafolha,2026-06-18,registro_tse,6,Caiado+Cury+Flavio+Lula+Renan+Zema,46.06741573033708,34.831460674157306,19.101123595505612,-11.235955056179776,-1.159204810442921,-10.076750245736855
Indexa|2026-06-18|2026-06-20|2000,Indexa,2026-06-20,registro_tse,6,Caiado+Cury+Flavio+Lula+Renan+Zema,48.83720930232558,36.04651162790697,15.116279069767444,-12.79069767441861,-2.3811619861330366,-10.409535688285573
PoderData|2026-06-21|2026-06-24|2400,PoderData,2026-06-24,registro_tse,6,Caiado+Cury+Flavio+Lula+Renan+Zema,43.47826086956522,39.130434782608695,17.391304347826086,-4.347826086956523,2.4828519454729,-6.830678032429423
Vox Brasil|2026-06-23|2026-06-25|2100,Vox Brasil,2026-06-25,registro_tse,6,Caiado+Cury+Flavio+Lula+Renan+Zema,44.69078179696616,37.57292882147025,17.736289381563594,-7.117852975495907,1.374621304448267,-8.492474279944174
Nexus|2026-06-26|2026-06-28|2009,Nexus,2026-06-28,registro_tse,6,Caiado+Cury+Flavio+Lula+Renan+Zema,45.65217391304348,36.95652173913044,17.391304347826086,-8.69565217391304,1.1743552681055336,-9.870007442018572
AtlasIntel|2026-06-26|2026-06-30|4999,AtlasIntel,2026-06-30,registro_tse,6,Caiado+Cury+Flavio+Lula+Renan+Zema,46.86234817813765,37.044534412955464,16.093117408906885,-9.817813765182187,-3.2472370410852758,-6.570576724096911
Ideia|2026-07-03|2026-07-06|1500,Ideia,2026-07-06,registro_tse,6,Caiado+Cury+Flavio+Lula+Renan+Zema,46.75925925925926,37.03703703703704,16.203703703703702,-9.722222222222221,-0.36170805283996627,-9.360514169382256
Futura|2026-07-07|2026-07-11|2000,Futura,2026-07-11,registro_tse,6,Caiado+Cury+Flavio+Lula+Renan+Zema,43.921139101861996,40.306681270536686,15.772179627601318,-3.6144578313253106,4.238267280819907,-7.852725112145218
Nexus|2026-07-10|2026-07-12|2003,Nexus,2026-07-12,registro_tse,6,Caiado+Cury+Flavio+Lula+Renan+Zema,43.956043956043956,37.362637362637365,18.68131868131868,-6.593406593406591,1.1743552681055336,-7.767761861512125
Quaest|2026-07-10|2026-07-13|2004,Quaest,2026-07-13,registro_tse,6,Caiado+Cury+Flavio+Lula+Renan+Zema,49.382716049382715,34.5679012345679,16.049382716049386,-14.814814814814817,-2.386485667135243,-12.428329147679573
PoderData|2026-07-12|2026-07-15|2400,PoderData,2026-07-15,registro_tse,6,Caiado+Cury+Flavio+Lula+Renan+Zema,44.44444444444444,37.77777777777778,17.77777777777778,-6.666666666666664,2.4828519454729,-9.149518612139564
Indexa|2026-07-16|2026-07-19|2000,Indexa,2026-07-19,registro_tse,6,Caiado+Cury+Flavio+Lula+Renan+Zema,48.23529411764706,35.294117647058826,16.470588235294116,-12.941176470588232,-2.3811619861330366,-10.560014484455195
Real Time|2026-07-18|2026-07-20|2000,Real Time,2026-07-20,registro_tse,6,Caiado+Cury+Flavio+Lula+Renan+Zema,42.5531914893617,35.1063829787234,22.340425531914896,-7.446808510638299,-1.4359215883547312,-6.010886922283568
Datafolha|2026-07-22|2026-07-23|2004,Datafolha,2026-07-23,registro_tse,6,Caiado+Cury+Flavio+Lula+Renan+Zema,44.943820224719104,35.95505617977528,19.101123595505612,-8.98876404494382,-1.159204810442921,-7.8295592345009
Nexus|2026-07-24|2026-07-26|2004,Nexus,2026-07-26,registro_tse,6,Caiado+Cury+Flavio+Lula+Renan+Zema,45.65217391304348,35.869565217391305,18.47826086956522,-9.782608695652172,1.1743552681055336,-10.956963963757705
AtlasIntel|2026-07-22|2026-07-27|5021,AtlasIntel,2026-07-27,registro_tse,6,Caiado+Cury+Flavio+Lula+Renan+Zema,45.630081300813,36.382113821138205,17.98780487804879,-9.247967479674799,-3.2472370410852758,-6.000730438589523
Vox Brasil|2026-07-26|2026-07-28|2100,Vox Brasil,2026-07-28,registro_tse,6,Caiado+Cury+Flavio+Lula+Renan+Zema,45.970488081725314,35.41430192962543,18.615209988649255,-10.556186152099883,1.374621304448267,-11.93080745654815
PoderData|2026-07-26|2026-07-29|2400,PoderData,2026-07-29,registro_tse,6,Caiado+Cury+Flavio+Lula+Renan+Zema,45.05494505494506,38.46153846153846,16.483516483516482,-6.593406593406598,2.4828519454729,-9.076258538879499
Nexus|2026-07-31|2026-08-02|2002,Nexus,2026-08-02,registro_tse,6,Caiado+Cury+Flavio+Lula+Renan+Zema,44.086021505376344,39.784946236559136,16.12903225806452,-4.301075268817208,1.1743552681055336,-5.475430536922741
Ideia|2026-07-31|2026-08-03|1500,Ideia,2026-08-03,registro_tse,6,Caiado+Cury+Flavio+Lula+Renan+Zema,45.744680851063826,37.234042553191486,17.021276595744688,-8.51063829787234,-0.36170805283996627,-8.148930245032375
Quaest|2026-07-31|2026-08-03|2004,Quaest,2026-08-03,registro_tse,6,Caiado+Cury+Flavio+Lula+Renan+Zema,47.5609756097561,36.58536585365854,15.853658536585364,-10.975609756097562,-2.386485667135243,-8.589124088962318
Futura|2026-08-03|2026-08-07|2000,Futura,2026-08-07,registro_tse,6,Caiado+Cury+Flavio+Lula+Renan+Zema,43.59550561797752,38.31460674157304,18.08988764044944,-5.2808988764044855,4.238267280819907,-9.519166157224394
Palver|2026-08-03|2026-08-07|5000,Palver,2026-08-07,registro_tse,6,Caiado+Cury+Flavio+Lula+Renan+Zema,44.44444444444444,40.4040404040404,15.151515151515156,-4.0404040404040416,4.320679782475431,-8.361083822879472
MDA|2026-08-05|2026-08-09|2002,MDA,2026-08-09,registro_tse,6,Caiado+Cury+Flavio+Lula+Renan+Zema,49.30232558139535,33.372093023255815,17.325581395348834,-15.930232558139537,-6.64776475801281,-9.282467800126726
Nexus|2026-08-07|2026-08-09|2001,Nexus,2026-08-09,registro_tse,6,Caiado+Cury+Flavio+Lula+Renan+Zema,43.47826086956522,38.04347826086956,18.47826086956522,-5.434782608695656,1.1743552681055336,-6.6091378768011895
PoderData|2026-08-09|2026-08-12|2400,PoderData,2026-08-12,registro_tse,6,Caiado+Cury+Flavio+Lula+Renan+Zema,43.61702127659574,37.234042553191486,19.14893617021277,-6.382978723404257,2.4828519454729,-8.865830668877157
Quaest|2026-08-10|2026-08-13|2004,Quaest,2026-08-13,registro_tse,6,Caiado+Cury+Flavio+Lula+Renan+Zema,46.34146341463415,37.80487804878049,15.853658536585364,-8.53658536585366,-2.386485667135243,-6.150099698718417
Nexus|2026-08-14|2026-08-16|2003,Nexus,2026-08-16,registro_tse,6,Caiado+Cury+Flavio+Lula+Renan+Zema,44.086021505376344,38.70967741935484,17.204301075268816,-5.376344086021504,1.1743552681055336,-6.550699354127038
Datafolha|2026-08-18|2026-08-20|2058,Datafolha,2026-08-20,registro_tse,6,Caiado+Cury+Flavio+Lula+Renan+Zema,43.333333333333336,36.666666666666664,20.0,-6.666666666666671,-1.159204810442921,-5.507461856223751
Indexa|2026-08-20|2026-08-23|2000,Indexa,2026-08-23,registro_tse,6,Caiado+Cury+Flavio+Lula+Renan+Zema,46.42857142857143,40.476190476190474,13.095238095238095,-5.952380952380956,-2.3811619861330366,-3.5712189662479195
Nexus|2026-08-21|2026-08-23|2006,Nexus,2026-08-23,registro_tse,6,Caiado+Cury+Flavio+Lula+Renan+Zema,44.56521739130435,40.21739130434783,15.21739130434782,-4.347826086956523,1.1743552681055336,-5.522181355062057
PoderData|2026-08-23|2026-08-26|2400,PoderData,2026-08-26,registro_tse,6,Caiado+Cury+Flavio+Lula+Renan+Zema,40.86021505376344,37.634408602150536,21.505376344086024,-3.225806451612904,2.4828519454729,-5.708658397085804
Vox Brasil|2026-08-25|2026-08-27|2100,Vox Brasil,2026-08-27,registro_tse,6,Caiado+Cury+Flavio+Lula+Renan+Zema,41.36008918617614,38.79598662207357,19.84392419175029,-2.564102564102569,1.374621304448267,-3.938723868550836
AtlasIntel|2026-08-25|2026-08-30|5014,AtlasIntel,2026-08-30,registro_tse,6,Caiado+Cury+Flavio+Lula+Renan+Zema,43.53059177532597,33.80140421263792,22.668004012036107,-9.729187562688054,-3.2472370410852758,-6.481950521602778
Nexus|2026-08-28|2026-08-30|2005,Nexus,2026-08-30,registro_tse,6,Caiado+Cury+Flavio+Lula+Renan+Zema,41.48936170212766,35.1063829787234,23.404255319148938,-6.382978723404257,1.1743552681055336,-7.557333991509791
Real Time|2026-08-27|2026-08-31|2000,Real Time,2026-08-31,registro_tse,6,Caiado+Cury+Flavio+Lula+Renan+Zema,40.42553191489362,31.914893617021278,27.659574468085104,-8.51063829787234,-1.4359215883547312,-7.07471670951761
Futura|2026-08-27|2026-09-01|2000,Futura,2026-09-01,registro_tse,6,Caiado+Cury+Flavio+Lula+Renan+Zema,41.21405750798722,35.78274760383386,23.003194888178918,-5.431309904153359,4.238267280819907,-9.669577184973267
Quaest|2026-08-30|2026-09-01|2004,Quaest,2026-09-01,registro_tse,6,Caiado+Cury+Flavio+Lula+Renan+Zema,45.1219512195122,35.36585365853659,19.512195121951216,-9.756097560975611,-2.386485667135243,-7.369611893840368
PoderData|2026-08-30|2026-09-02|3000,PoderData,2026-09-02,registro_tse,6,Caiado+Cury+Flavio+Lula+Renan+Zema,39.784946236559136,36.55913978494624,23.655913978494624,-3.225806451612897,2.4828519454729,-5.708658397085797
Datafolha|2026-09-01|2026-09-02|2002,Datafolha,2026-09-02,registro_tse,6,Caiado+Cury+Flavio+Lula+Renan+Zema,41.75824175824176,36.26373626373626,21.978021978021978,-5.494505494505496,-1.159204810442921,-4.335300684062576
Quaest|2026-09-03|2026-09-06|2004,Quaest,2026-09-06,registro_tse,6,Caiado+Cury+Flavio+Lula+Renan+Zema,43.90243902439025,35.36585365853659,20.731707317073166,-8.53658536585366,-2.386485667135243,-6.150099698718417
Nexus|2026-09-04|2026-09-07|2002,Nexus,2026-09-07,registro_tse,6,Caiado+Cury+Flavio+Lula+Renan+Zema,41.05263157894737,36.8421052631579,22.105263157894733,-4.210526315789473,1.1743552681055336,-5.384881583895006
Ideia|2026-09-04|2026-09-07|1500,Ideia,2026-09-07,registro_tse,6,Caiado+Cury+Flavio+Lula+Renan+Zema,40.54910242872228,39.387539598732836,20.063357972544885,-1.1615628299894425,-0.36170805283996627,-0.7998547771494762
Palver|2026-09-04|2026-09-07|5000,Palver,2026-09-07,registro_tse,6,Caiado+Cury+Flavio+Lula+Renan+Zema,40.816326530612244,39.795918367346935,19.38775510204082,-1.0204081632653086,4.320679782475431,-5.34108794574074
PoderData|2026-09-06|2026-09-09|3000,PoderData,2026-09-09,registro_tse,6,Caiado+Cury+Flavio+Lula+Renan+Zema,39.583333333333336,37.5,22.916666666666664,-2.0833333333333357,2.4828519454729,-4.566185278806236
AtlasIntel|2026-09-04|2026-09-09|5000,AtlasIntel,2026-09-09,registro_tse,6,Caiado+Cury+Flavio+Lula+Renan+Zema,43.43434343434343,37.77777777777778,18.78787878787879,-5.656565656565654,-3.2472370410852758,-2.409328615480378
Futura|2026-09-04|2026-09-10|2000,Futura,2026-09-10,registro_tse,6,Caiado+Cury+Flavio+Lula+Renan+Zema,42.74809160305344,36.6412213740458,20.610687022900763,-6.10687022900764,4.238267280819907,-10.345137509827548
Datafolha|2026-09-08|2026-09-10|2002,Datafolha,2026-09-10,registro_tse,6,Caiado+Cury+Flavio+Lula+Renan+Zema,43.333333333333336,38.888888888888886,17.77777777777778,-4.44444444444445,-1.159204810442921,-3.2852396340015293
MDA|2026-09-09|2026-09-13|2002,MDA,2026-09-13,registro_tse,6,Caiado+Cury+Flavio+Lula+Renan+Zema,46.820809248554916,35.14450867052023,18.034682080924853,-11.676300578034684,-6.64776475801281,-5.028535820021874
Indexa|2026-09-10|2026-09-13|2000,Indexa,2026-09-13,registro_tse,6,Caiado+Cury+Flavio+Lula+Renan+Zema,44.18604651162791,39.53488372093023,16.27906976744186,-4.651162790697676,-2.3811619861330366,-2.270000804564639
Nexus|2026-09-11|2026-09-13|2003,Nexus,2026-09-13,registro_tse,6,Caiado+Cury+Flavio+Lula+Renan+Zema,44.680851063829785,39.361702127659576,15.957446808510639,-5.319148936170208,1.1743552681055336,-6.493504204275742
Quaest|2026-09-10|2026-09-13|2004,Quaest,2026-09-13,registro_tse,6,Caiado+Cury+Flavio+Lula+Renan+Zema,43.373493975903614,37.34939759036145,19.277108433734938,-6.024096385542165,-2.386485667135243,-3.6376107184069224
Futura|2026-09-11|2026-09-15|2000,Futura,2026-09-15,registro_tse,6,Caiado+Cury+Flavio+Lula+Renan+Zema,40.78807241746538,40.14909478168264,19.06283280085198,-0.6389776357827373,4.238267280819907,-4.877244916602645
PoderData|2026-09-13|2026-09-16|3000,PoderData,2026-09-16,registro_tse,6,Caiado+Cury+Flavio+Lula+Renan+Zema,39.361702127659576,38.297872340425535,22.34042553191489,-1.0638297872340416,2.4828519454729,-3.5466817327069418
Datafolha|2026-09-15|2026-09-16|2002,Datafolha,2026-09-16,registro_tse,6,Caiado+Cury+Flavio+Lula+Renan+Zema,42.857142857142854,39.56043956043956,17.582417582417584,-3.296703296703292,-1.159204810442921,-2.1374984862603714
AtlasIntel|2026-09-11|2026-09-16|5018,AtlasIntel,2026-09-16,registro_tse,6,Caiado+Cury+Flavio+Lula+Renan+Zema,45.04596527068437,42.59448416751787,12.35955056179776,-2.4514811031665005,-3.2472370410852758,0.7957559379187753
Nexus|2026-09-18|2026-09-20|2006,Nexus,2026-09-20,registro_tse,6,Caiado+Cury+Flavio+Lula+Renan+Zema,42.5531914893617,39.361702127659576,18.085106382978722,-3.191489361702125,1.1743552681055336,-4.3658446298076585
Palver|2026-09-15|2026-09-20|5000,Palver,2026-09-20,registro_tse,6,Caiado+Cury+Flavio+Lula+Renan+Zema,41.41414141414141,42.42424242424242,16.161616161616166,1.0101010101010104,4.320679782475431,-3.310578772374421
Quaest|2026-09-17|2026-09-20|2004,Quaest,2026-09-20,registro_tse,6,Caiado+Cury+Flavio+Lula+Renan+Zema,43.529411764705884,38.8235294117647,17.647058823529413,-4.705882352941181,-2.386485667135243,-2.319396685805938
AtlasIntel|2026-09-17|2026-09-22|5015,AtlasIntel,2026-09-22,registro_tse,6,Caiado+Cury+Flavio+Lula+Renan+Zema,46.35627530364373,43.927125506072876,9.716599190283397,-2.429149797570851,-3.2472370410852758,0.8180872435144249
PoderData|2026-09-20|2026-09-23|3000,PoderData,2026-09-23,registro_tse,6,Caiado+Cury+Flavio+Lula+Renan+Zema,43.61702127659574,41.48936170212766,14.893617021276597,-2.1276595744680833,2.4828519454729,-4.610511519940983
Real Time|2026-09-19|2026-09-23|2000,Real Time,2026-09-23,registro_tse,6,Caiado+Cury+Flavio+Lula+Renan+Zema,43.61702127659574,39.361702127659576,17.02127659574468,-4.255319148936167,-1.4359215883547312,-2.8193975605814354
Palver|2026-09-20|2026-09-23|5000,Palver,2026-09-23,registro_tse,6,Caiado+Cury+Flavio+Lula+Renan+Zema,43.87755102040816,43.87755102040816,12.244897959183675,0.0,4.320679782475431,-4.320679782475431
Datafolha|2026-09-22|2026-09-24|2002,Datafolha,2026-09-24,registro_tse,6,Caiado+Cury+Flavio+Lula+Renan+Zema,43.01075268817204,38.70967741935484,18.27956989247312,-4.3010752688172005,-1.159204810442921,-3.14187045837428
Futura|2026-09-18|2026-09-24|2000,Futura,2026-09-24,registro_tse,6,Caiado+Cury+Flavio+Lula+Renan+Zema,40.54910242872228,42.661034846884895,16.789862724392826,2.111932418162617,4.238267280819907,-2.1263348626572904
Quaest|2026-09-24|2026-09-27|2004,Quaest,2026-09-27,registro_tse,6,Caiado+Cury+Flavio+Lula+Renan+Zema,45.88235294117647,40.0,14.117647058823529,-5.882352941176471,-2.386485667135243,-3.495867274041228
Nexus|2026-09-25|2026-09-27|2000,Nexus,2026-09-27,registro_tse,6,Caiado+Cury+Flavio+Lula+Renan+Zema,44.21052631578947,38.94736842105263,16.842105263157897,-5.2631578947368425,1.1743552681055336,-6.437513162842376
Palver|2026-09-24|2026-09-27|5000,Palver,2026-09-27,registro_tse,6,Caiado+Cury+Flavio+Lula+Renan+Zema,44.89795918367347,44.89795918367347,10.204081632653057,0.0,4.320679782475431,-4.320679782475431
Vox Brasil|2026-09-26|2026-09-28|2100,Vox Brasil,2026-09-28,registro_tse,6,Caiado+Cury+Flavio+Lula+Renan+Zema,46.15384615384615,42.14046822742474,11.705685618729106,-4.013377926421413,1.374621304448267,-5.38799923086968
Ideia|2026-09-25|2026-09-28|2000,Ideia,2026-09-28,registro_tse,6,Caiado+Cury+Flavio+Lula+Renan+Zema,40.286298568507156,39.263803680981596,20.449897750511248,-1.0224948875255606,-0.36170805283996627,-0.6607868346855943
AtlasIntel|2026-09-23|2026-09-28|5005,AtlasIntel,2026-09-28,registro_tse,6,Caiado+Cury+Flavio+Lula+Renan+Zema,46.27170582226762,43.105209397344225,10.623084780388155,-3.1664964249233947,-3.2472370410852758,0.0807406161618811
Indexa|2026-09-27|2026-09-29|2000,Indexa,2026-09-29,registro_tse,6,Caiado+Cury+Flavio+Lula+Renan+Zema,43.82022471910113,38.20224719101124,17.977528089887635,-5.617977528089888,-2.3811619861330366,-3.2368155419568514
Futura|2026-09-25|2026-09-29|2000,Futura,2026-09-29,registro_tse,6,Caiado+Cury+Flavio+Lula+Renan+Zema,41.473684210526315,44.421052631578945,14.10526315789474,2.94736842105263,4.238267280819907,-1.2908988597672773
Datafolha|2026-09-28|2026-09-30|2506,Datafolha,2026-09-30,registro_tse,6,Caiado+Cury+Flavio+Lula+Renan+Zema,45.16129032258065,40.86021505376344,13.978494623655912,-4.301075268817208,-1.159204810442921,-3.141870458374287
Real Time|2026-09-26|2026-09-30|2000,Real Time,2026-09-30,registro_tse,6,Caiado+Cury+Flavio+Lula+Renan+Zema,45.744680851063826,41.48936170212766,12.765957446808514,-4.255319148936167,-1.4359215883547312,-2.8193975605814354
Vox Brasil|2026-09-29|2026-10-01|2100,Vox Brasil,2026-10-01,registro_tse,6,Caiado+Cury+Flavio+Lula+Renan+Zema,44.98886414253898,45.87973273942094,9.131403118040083,0.8908685968819583,1.374621304448267,-0.4837527075663086
PoderData|2026-09-30|2026-10-02|4000,PoderData,2026-10-02,registro_tse,6,Caiado+Cury+Flavio+Lula+Renan+Zema,44.680851063829785,43.61702127659574,11.702127659574472,-1.0638297872340416,2.4828519454729,-3.5466817327069418
AtlasIntel|2026-09-27|2026-10-02|4945,AtlasIntel,2026-10-02,registro_tse,6,Caiado+Cury+Flavio+Lula+Renan+Zema,46.98189134808853,44.06438631790744,8.953722334004027,-2.91750503018109,-3.2472370410852758,0.3297320109041859
MDA|2026-09-29|2026-10-02|2007,MDA,2026-10-02,registro_tse,6,Caiado+Cury+Flavio+Lula+Renan+Zema,47.72978959025471,42.08194905869325,10.188261351052041,-5.647840531561464,-6.64776475801281,0.9999242264513466
Palver|2026-09-30|2026-10-03|5000,Palver,2026-10-03,registro_tse,6,Caiado+Cury+Flavio+Lula+Renan+Zema,43.0,47.0,10.0,4.0,4.320679782475431,-0.3206797824754313
Futura|2026-10-02|2026-10-03|2000,Futura,2026-10-03,registro_tse,6,Caiado+Cury+Flavio+Lula+Renan+Zema,41.581108829568784,43.634496919917865,14.784394250513351,2.053388090349081,4.238267280819907,-2.1848791904708262
Datafolha|2026-10-03|2026-10-03|4006,Datafolha,2026-10-03,registro_tse,6,Caiado+Cury+Flavio+Lula+Renan+Zema,45.16129032258065,43.01075268817204,11.827956989247312,-2.1505376344086073,-1.159204810442921,-0.9913328239656864
Quaest|2026-10-02|2026-10-03|3702,Quaest,2026-10-03,registro_tse,6,Caiado+Cury+Flavio+Lula+Renan+Zema,45.97701149425287,43.67816091954023,10.344827586206897,-2.298850574712638,-2.386485667135243,0.08763509242260481
