semana,pesquisas,institutos,margem_flavio_menos_lula,lula,flavio,outros
2025-12-01,1,1,-26.22174757050946,48.80952380952381,21.428571428571427,29.761904761904763
2025-12-08,3,3,-16.823924528575233,42.98362280289991,26.12854013456423,30.887837062535862
2025-12-15,1,1,-23.89562010177187,48.87755102040816,21.73469387755102,29.387755102040817
2026-01-05,1,1,-13.467172869450128,43.90243902439025,28.048780487804876,28.048780487804876
2026-01-12,1,1,-15.834610965564949,48.7116564417178,32.515337423312886,18.773006134969314
2026-01-19,2,2,-13.046221284620488,45.79394689343332,33.24324072868015,20.96281237788653
2026-01-26,1,1,-9.941546842496338,44.97175141242937,37.40112994350282,17.627118644067806
2026-02-02,4,4,-9.01196541906173,44.32918416810376,37.643603836399734,18.027211995496508
2026-02-09,1,1,-7.869924589275012,48.717948717948715,38.46153846153846,12.820512820512825
2026-02-23,2,2,-8.953376694156033,47.33102039378676,37.93948786587299,14.72949174034025
2026-03-02,3,3,-5.430003112714193,44.28495885948771,39.40266937411426,16.312371766398037
2026-03-09,2,2,-6.064228403306407,47.555280966680556,40.116955703386544,12.3277633299329
2026-03-23,4,4,-6.677980630030596,45.14862496923856,40.26138091680688,14.589994113954562
2026-04-06,4,4,-4.614532295772452,45.89682866066442,40.29969377977302,13.803477559562559
2026-04-13,1,1,-3.565895285245713,44.04761904761905,38.095238095238095,17.857142857142854
2026-04-20,1,1,-6.6091378768011895,44.56521739130435,39.130434782608695,16.304347826086953
2026-04-27,1,1,-3.6944128583110984,46.881287726358146,39.93963782696177,13.179074446680083
2026-05-04,3,3,-5.338759678640511,43.77182576731042,39.246611968544975,16.981562264144618
2026-05-11,3,3,-1.7067915590458316,43.452762923351166,41.0222816399287,15.524955436720147
2026-05-18,6,6,-9.79012657828204,46.96051594844746,37.17032937278416,15.86915467876839
2026-05-25,3,3,-7.333482793924348,43.477457584627736,36.37238222546279,20.150160189909467
2026-06-01,1,1,-10.340866030186659,44.40928270042194,35.44303797468355,20.14767932489451
2026-06-08,4,4,-10.705297938750704,47.28530704617661,35.674602138370254,17.040090815453134
2026-06-15,2,2,-10.243142967011213,47.45231251633133,35.43898615103214,17.108701332636528
2026-06-22,3,3,-8.397719918130724,44.60707219319162,37.88662844773646,17.50629935907192
2026-06-29,1,1,-6.570576724096911,46.86234817813765,37.044534412955464,16.093117408906885
2026-07-06,3,3,-8.3270003810132,44.87881410572174,38.23545189007036,16.8857340042079
2026-07-13,3,3,-10.712620748091444,47.35415153715807,35.8799322198015,16.765916243040426
2026-07-20,3,3,-8.265803373514059,44.38306187570809,35.643668125296664,19.973269998995242
2026-07-27,4,4,-8.120806742734977,45.18538398571493,37.51072511221531,17.30389090206976
2026-08-03,6,6,-8.418318331837746,45.68769882903374,37.32560447276481,16.986696698201452
2026-08-10,3,3,-7.188876573907538,44.681502065535405,37.91619934044227,17.402298594022316
2026-08-17,3,3,-4.8669540591779095,44.77570738440304,39.12008281573499,16.104209799861973
2026-08-24,4,4,-5.9216666946873024,41.8100644293483,36.33454560389636,21.85538996675534
2026-08-31,6,5,-6.717994094699672,42.03452794359736,35.20870409776847,22.756767958634168
2026-09-07,11,10,-4.5055788083790995,42.779851185660156,38.02035848903833,19.19979032530152
2026-09-14,7,7,-2.823069897948457,42.221375334451594,40.17305211624747,17.60557254930093
2026-09-21,9,8,-3.3838630177637814,44.00206249275301,41.541308914137126,14.456628593109864
2026-09-28,15,11,-1.5044708518320202,44.60083582926714,42.82992385363195,12.5692403171009
