ano,instituto,campo_fim,pt,pl,outros,verificada,fonte_dupla,margem_pesquisa,margem_urna,erro_margem,erro_pt,erro_pl,outros_urna,queda_outros,pl_ganho_sobre_pesquisa,fracao_pl
2026,AtlasIntel,2026-10-02,46.98189134808853,44.06438631790744,8.953722334004027,False,False,-2.91750503018109,1.864974731081638,-4.782479761262728,1.82108323858494,-2.961396522677788,7.813409049911179,-1.1403132840928478,2.961396522677788,2.5970025641099714
2026,Datafolha,2026-10-03,45.16129032258065,43.01075268817204,11.827956989247312,True,True,-2.1505376344086073,1.864974731081638,-4.015512365490245,0.0004822130770563149,-4.015030152413189,7.813409049911179,-4.014547939336133,4.015030152413189,1.000120116407711
2026,Futura,2026-10-03,41.581108829568784,43.634496919917865,14.784394250513351,False,False,2.053388090349081,1.864974731081638,0.18841335926744307,-3.5796992799348075,-3.3912859206673645,7.813409049911179,-6.970985200602172,3.3912859206673645,0.4864858872996053
2026,Ideia,2026-09-28,40.286298568507156,39.263803680981596,20.449897750511248,False,False,-1.0224948875255606,1.864974731081638,-2.8874696186071986,-4.874509540996435,-7.761979159603634,7.813409049911179,-12.636488700600069,7.761979159603634,0.6142512642166997
2026,Indexa,2026-09-29,43.82022471910113,38.20224719101124,17.977528089887635,True,True,-5.617977528089888,1.864974731081638,-7.482952259171526,-1.3405833904024647,-8.82353564957399,7.813409049911179,-10.164119039976455,8.82353564957399,0.8681062879006216
2026,MDA,2026-10-02,47.72978959025471,42.08194905869325,10.188261351052041,True,True,-5.647840531561464,1.864974731081638,-7.512815262643102,2.5689814807511198,-4.943833781891982,7.813409049911179,-2.374852301140862,4.943833781891982,2.0817436854986724
2026,Palver,2026-10-03,43.0,47.0,10.0,False,False,4.0,1.864974731081638,2.135025268918362,-2.1608081095035914,-0.025782840585229394,7.813409049911179,-2.1865909500888208,0.025782840585229394,0.011791341487159305
2026,PoderData,2026-10-02,44.680851063829785,43.61702127659574,11.702127659574472,True,True,-1.0638297872340416,1.864974731081638,-2.9288045183156797,-0.4799570456738067,-3.4087615639894864,7.813409049911179,-3.888718609663293,3.4087615639894864,0.876577069762483
2026,Quaest,2026-10-03,45.97701149425287,43.67816091954023,10.344827586206897,True,True,-2.298850574712638,1.864974731081638,-4.163825305794276,0.8162033847492793,-3.347621921044997,7.813409049911179,-2.5314185362957176,3.347621921044997,1.3224292518390295
2026,Real Time,2026-09-30,45.744680851063826,41.48936170212766,12.765957446808514,True,True,-4.255319148936167,1.864974731081638,-6.120293880017805,0.5838727415602349,-5.53642113845757,7.813409049911179,-4.952548396897335,5.53642113845757,1.1178933944241753
2026,Vox Brasil,2026-10-01,44.98886414253898,45.87973273942094,9.131403118040083,True,True,0.8908685968819583,1.864974731081638,-0.9741061341996797,-0.17194396696461212,-1.1460501011642918,7.813409049911179,-1.317994068128904,1.1460501011642918,0.8695411678075964
2022,AtlasIntel,2022-09-30,51.34020618556701,41.958762886597945,6.701030927835042,True,False,-9.381443298969067,-5.233167305421745,-4.148275993547323,2.909486325698275,-1.2387896678490478,8.371727585684269,1.670696657849227,1.2387896678490478,
2022,Brasmarket,2022-09-28,35.23375142531357,51.767388825541616,12.998859749144813,True,False,16.533637400228045,-5.233167305421745,21.76680470564979,-13.196968434555167,8.569836271094623,8.371727585684269,-4.627132163460544,-8.569836271094623,-1.85208374612006
2022,DataPoder360,2022-09-27,48.91304347826087,39.130434782608695,11.956521739130437,True,False,-9.782608695652172,-5.233167305421745,-4.549441390230427,0.48232361839212956,-4.067117771838298,8.371727585684269,-3.5847941534461683,4.067117771838298,1.1345470891064855
2022,Datafolha,2022-10-01,50.526315789473685,35.78947368421053,13.684210526315788,True,False,-14.736842105263158,-5.233167305421745,-9.503674799841413,2.095595929604947,-7.408078870236466,8.371727585684269,-5.312482940631519,7.408078870236466,1.3944663828616142
2022,FSB Pesquisa,2022-09-25,48.38709677419355,37.634408602150536,13.978494623655912,True,False,-10.752688172043015,-5.233167305421745,-5.519520866621271,-0.043623085675186246,-5.563143952296457,8.371727585684269,-5.606767037971643,5.563143952296457,0.9922195651469464
2022,Futura,2022-09-28,44.578313253012055,41.401971522453444,14.019715224534501,True,False,-3.1763417305586117,-5.233167305421745,2.056825574863133,-3.8524066068566825,-1.7955810319935495,8.371727585684269,-5.647987638850232,1.7955810319935495,0.3179151844530379
2022,Ideia Big Data,2022-09-28,49.473684210526315,38.94736842105263,11.578947368421055,True,False,-10.526315789473685,-5.233167305421745,-5.29314848405194,1.0429643506575772,-4.250184133394363,8.371727585684269,-3.207219782736786,4.250184133394363,1.3251926657073667
2022,Ipec (antigo Ibope),2022-10-01,50.53763440860215,36.55913978494624,12.903225806451609,True,False,-13.978494623655912,-5.233167305421745,-8.745327318234168,2.106914548733414,-6.6384127695007535,8.371727585684269,-4.5314982207673395,6.6384127695007535,1.4649487754574557
2022,Ipespe,2022-09-30,49.46236559139785,35.483870967741936,15.053763440860216,True,False,-13.978494623655912,-5.233167305421745,-8.745327318234168,1.0316457315291103,-7.713681586705057,8.371727585684269,-6.682035855175947,7.713681586705057,1.154390930232736
2022,MDA,2022-09-30,48.46491228070175,39.80263157894736,11.732456140350884,True,False,-8.66228070175439,-5.233167305421745,-3.429113396332646,0.03419242083301555,-3.3949209754996303,8.371727585684269,-3.360728554666615,3.3949209754996303,1.0101741096541512
2022,Paraná Pesquisas,2022-09-29,47.769314472252454,40.58759521218716,11.643090315560386,True,False,-7.181719260065293,-5.233167305421745,-1.9485519546435484,-0.6614053876162842,-2.6099573422598326,8.371727585684269,-3.2713627298761168,2.6099573422598326,0.7978196115105429
2022,Quaest,2022-10-01,49.0,38.0,13.0,True,False,-11.0,-5.233167305421745,-5.766832694578255,0.5692801401312622,-5.197552554446993,8.371727585684269,-4.628272414315731,5.197552554446993,1.1230005689315994
2022,Veritá,2022-09-29,43.37851929092805,46.5067778936392,10.11470281543275,True,False,3.1282586027111563,-5.233167305421745,8.361425908132901,-5.052200568940691,3.30922533919221,8.371727585684269,-1.742975229748481,-3.30922533919221,-1.8986072106542475
2018,DataPoder360,2018-10-04,30.3780108843859,47.7610995069567,21.860889608657402,True,False,17.383088622570796,16.753734000345798,0.6293546222249979,1.1002827565113584,1.7296373787363564,24.69080974390512,2.8299201352477183,-1.7296373787363564,
2018,Datafolha,2018-10-06,29.3127940860313,46.0863379270652,24.600867986903495,True,False,16.773543841033902,16.753734000345798,0.01980984068810443,0.03506595815675695,0.05487579884486138,24.69080974390512,0.08994175700162543,-0.05487579884486138,
2018,IPRI,2018-09-30,29.8617092653249,46.9493566612048,23.188934073470293,True,False,17.087647395879902,16.753734000345798,0.33391339553410404,0.5839811374503583,0.9178945329844623,24.69080974390512,1.5018756704348277,-0.9178945329844623,
2018,Ibope,2018-10-06,29.3127940860313,46.0863379270652,24.600867986903495,True,False,16.773543841033902,16.753734000345798,0.01980984068810443,0.03506595815675695,0.05487579884486138,24.69080974390512,0.08994175700162543,-0.05487579884486138,
2018,Ipespe,2018-10-04,29.482959210506,46.3538759654701,24.1631648240239,True,False,16.870916754964103,16.753734000345798,0.1171827546183053,0.20523108263145673,0.322413837249762,24.69080974390512,0.5276449198812188,-0.322413837249762,
2018,MDA,2018-10-05,30.9675573544095,48.6879998140879,20.34444283150259,True,False,17.720442459678402,16.753734000345798,0.9667084593326045,1.6898292265349575,2.656537685867562,24.69080974390512,4.34636691240253,-2.656537685867562,
2018,Paraná Pesquisas,2018-10-04,29.482959210506,46.3538759654701,24.1631648240239,True,False,16.870916754964103,16.753734000345798,0.1171827546183053,0.20523108263145673,0.322413837249762,24.69080974390512,0.5276449198812188,-0.322413837249762,
2018,Real Time Big Data,2018-10-04,29.8617092653249,46.9493566612048,23.188934073470293,True,False,17.087647395879902,16.753734000345798,0.33391339553410404,0.5839811374503583,0.9178945329844623,24.69080974390512,1.5018756704348277,-0.9178945329844623,
2018,Veritá,2018-10-05,29.8448252668673,46.9228111993088,23.232363533823893,True,False,17.077985932441504,16.753734000345798,0.3242519320957058,0.5670971389927573,0.8913490710884631,24.69080974390512,1.4584462100812274,-0.8913490710884631,
2018,Vox Populi,2018-10-06,29.5503619853807,46.4598483627441,23.9897896518752,True,False,16.909486377363397,16.753734000345798,0.15575237701759903,0.27263385750615754,0.42838623452375657,24.69080974390512,0.7010200920299212,-0.42838623452375657,
