instituto,2018,2022,2026
AtlasIntel,,-4.148275993547323,
Brasmarket,,21.76680470564979,
DataPoder360,0.6293546222249979,-4.549441390230427,
Datafolha,0.01980984068810443,-9.503674799841413,-4.015512365490245
FSB Pesquisa,,-5.519520866621271,
Futura,,2.056825574863133,
IPRI,0.33391339553410404,,
Ibope,0.01980984068810443,,
Ideia Big Data,,-5.29314848405194,
Indexa,,,-7.482952259171526
Ipec (antigo Ibope),,-8.745327318234168,
Ipespe,0.1171827546183053,-8.745327318234168,
MDA,0.9667084593326045,-3.429113396332646,-7.512815262643102
Paraná Pesquisas,0.1171827546183053,-1.9485519546435484,
PoderData,,,-2.9288045183156797
Quaest,,-5.766832694578255,-4.163825305794276
Real Time,,,-6.120293880017805
Real Time Big Data,0.33391339553410404,,
Veritá,0.3242519320957058,8.361425908132901,
Vox Brasil,,,-0.9741061341996797
Vox Populi,0.15575237701759903,,
