instituto,campo_fim,valido_Lula,valido_Flavio,outros_valido,margem,vespera_verificada
AtlasIntel,2026-09-16,45.04596527068437,42.59448416751787,12.35955056179776,-2.4514811031665005,False
AtlasIntel,2026-09-22,46.35627530364373,43.927125506072876,9.716599190283397,-2.429149797570851,False
AtlasIntel,2026-09-28,46.27170582226762,43.105209397344225,10.623084780388155,-3.1664964249233947,True
AtlasIntel,2026-10-02,46.98189134808853,44.06438631790744,8.953722334004027,-2.91750503018109,False
Datafolha,2026-09-16,42.857142857142854,39.56043956043956,17.582417582417584,-3.296703296703292,False
Datafolha,2026-09-24,43.01075268817204,38.70967741935484,18.27956989247312,-4.3010752688172005,False
Datafolha,2026-09-30,45.16129032258065,40.86021505376344,13.978494623655912,-4.301075268817208,True
Datafolha,2026-10-03,45.16129032258065,43.01075268817204,11.827956989247312,-2.1505376344086073,True
Futura,2026-09-15,40.78807241746538,40.14909478168264,19.06283280085198,-0.6389776357827373,False
Futura,2026-09-24,40.54910242872228,42.661034846884895,16.789862724392826,2.111932418162617,False
Futura,2026-09-29,41.473684210526315,44.421052631578945,14.10526315789474,2.94736842105263,True
Futura,2026-10-03,41.581108829568784,43.634496919917865,14.784394250513351,2.053388090349081,False
Palver,2026-09-20,41.41414141414141,42.42424242424242,16.161616161616166,1.0101010101010104,False
Palver,2026-09-23,43.87755102040816,43.87755102040816,12.244897959183675,0.0,False
Palver,2026-09-27,44.89795918367347,44.89795918367347,10.204081632653057,0.0,False
Palver,2026-10-03,43.0,47.0,10.0,4.0,False
Quaest,2026-09-13,43.373493975903614,37.34939759036145,19.277108433734938,-6.024096385542165,False
Quaest,2026-09-20,43.529411764705884,38.8235294117647,17.647058823529413,-4.705882352941181,False
Quaest,2026-09-27,45.88235294117647,40.0,14.117647058823529,-5.882352941176471,False
Quaest,2026-10-03,45.97701149425287,43.67816091954023,10.344827586206897,-2.298850574712638,True
