pesquisa,instituto,campo_fim,outro,n_cenario_outro,n_cenario_flavio,margem_outro,margem_flavio,dif,trimestre
AtlasIntel|2025-12-10|2025-12-15|18154,AtlasIntel,2025-12-15,Tarcisio,5,5,-22.114347357065807,-19.441571871768357,-2.67277548529745,2025Q4
AtlasIntel|2025-12-10|2025-12-15|18154,AtlasIntel,2025-12-15,Ratinho,5,5,-48.975188781014026,-19.441571871768357,-29.53361690924567,2025Q4
AtlasIntel|2025-12-10|2025-12-15|18154,AtlasIntel,2025-12-15,Ratinho,4,5,-44.46927374301676,-19.441571871768357,-25.0277018712484,2025Q4
AtlasIntel|2025-12-10|2025-12-15|18154,AtlasIntel,2025-12-15,Zema,5,5,-48.54368932038835,-19.441571871768357,-29.102117448619996,2025Q4
AtlasIntel|2025-12-10|2025-12-15|18154,AtlasIntel,2025-12-15,Zema,4,5,-41.452513966480446,-19.441571871768357,-22.01094209471209,2025Q4
AtlasIntel|2025-12-10|2025-12-15|18154,AtlasIntel,2025-12-15,Caiado,5,5,-46.709816612729234,-19.441571871768357,-27.268244740960878,2025Q4
AtlasIntel|2025-12-10|2025-12-15|18154,AtlasIntel,2025-12-15,Caiado,4,5,-36.312849162011176,-19.441571871768357,-16.87127729024282,2025Q4
AtlasIntel|2026-01-15|2026-01-20|5418,AtlasIntel,2026-01-20,Tarcisio,5,5,-21.405750798722046,-14.067278287461768,-7.338472511260278,2026Q1
AtlasIntel|2026-01-15|2026-01-20|5418,AtlasIntel,2026-01-20,Ratinho,5,5,-47.49733759318424,-14.067278287461768,-33.43005930572247,2026Q1
AtlasIntel|2026-01-15|2026-01-20|5418,AtlasIntel,2026-01-20,Ratinho,4,5,-43.92419175027871,-14.067278287461768,-29.85691346281694,2026Q1
AtlasIntel|2026-01-15|2026-01-20|5418,AtlasIntel,2026-01-20,Zema,5,5,-47.49733759318424,-14.067278287461768,-33.43005930572247,2026Q1
AtlasIntel|2026-01-15|2026-01-20|5418,AtlasIntel,2026-01-20,Zema,4,5,-41.69453734671126,-14.067278287461768,-27.62725905924949,2026Q1
AtlasIntel|2026-01-15|2026-01-20|5418,AtlasIntel,2026-01-20,Caiado,5,5,-46.325878594249204,-14.067278287461768,-32.258600306787436,2026Q1
AtlasIntel|2026-01-15|2026-01-20|5418,AtlasIntel,2026-01-20,Caiado,4,5,-37.458193979933114,-14.067278287461768,-23.390915692471346,2026Q1
AtlasIntel|2026-02-19|2026-02-24|4986,AtlasIntel,2026-02-24,Tarcisio,4,4,-7.357512953367873,-5.797101449275367,-1.5604115040925066,2026Q1
AtlasIntel|2026-02-19|2026-02-24|4986,AtlasIntel,2026-02-24,Zema,4,4,-36.06217616580311,-5.797101449275367,-30.265074716527742,2026Q1
AtlasIntel|2026-02-19|2026-02-24|4986,AtlasIntel,2026-02-24,Caiado,4,4,-39.58549222797928,-5.797101449275367,-33.78839077870391,2026Q1
AtlasIntel|2026-03-18|2026-03-23|5028,AtlasIntel,2026-03-23,Tarcisio,4,4,-13.029661016949156,-5.93047034764826,-7.099190669300896,2026Q1
AtlasIntel|2026-03-18|2026-03-23|5028,AtlasIntel,2026-03-23,Zema,4,4,-41.73728813559322,-5.93047034764826,-35.80681778794496,2026Q1
AtlasIntel|2026-03-18|2026-03-23|5028,AtlasIntel,2026-03-23,Caiado,4,4,-43.85593220338983,-5.93047034764826,-37.92546185574157,2026Q1
AtlasIntel|2026-05-13|2026-05-18|5032,AtlasIntel,2026-05-18,Zema,5,6,-33.5214446952596,-13.133402275077565,-20.38804242018204,2026Q2
AtlasIntel|2026-05-13|2026-05-18|5032,AtlasIntel,2026-05-18,Caiado,5,6,-37.1331828442438,-13.133402275077565,-23.999780569166234,2026Q2
Datafolha|2025-06-10|2025-06-11|2004,Datafolha,2025-06-11,Tarcisio,5,4,-19.753086419753085,-22.222222222222225,2.4691358024691397,2025Q2
Datafolha|2025-06-10|2025-06-11|2004,Datafolha,2025-06-11,Ratinho,5,4,-32.098765432098766,-22.222222222222225,-9.87654320987654,2025Q2
Datafolha|2025-06-10|2025-06-11|2004,Datafolha,2025-06-11,Zema,5,4,-38.27160493827161,-22.222222222222225,-16.049382716049383,2025Q2
Datafolha|2025-06-10|2025-06-11|2004,Datafolha,2025-06-11,Caiado,5,4,-38.27160493827161,-22.222222222222225,-16.049382716049383,2025Q2
Datafolha|2025-07-29|2025-07-30|2004,Datafolha,2025-07-30,Tarcisio,5,5,-20.481927710843376,-26.190476190476193,5.708548479632817,2025Q3
Datafolha|2025-07-29|2025-07-30|2004,Datafolha,2025-07-30,Ratinho,5,5,-31.325301204819276,-26.190476190476193,-5.1348250143430825,2025Q3
Datafolha|2025-07-29|2025-07-30|2004,Datafolha,2025-07-30,Zema,5,5,-38.55421686746988,-26.190476190476193,-12.36374067699369,2025Q3
Datafolha|2025-07-29|2025-07-30|2004,Datafolha,2025-07-30,Caiado,5,5,-37.34939759036145,-26.190476190476193,-11.158921399885255,2025Q3
Datafolha|2025-12-02|2025-12-04|2002,Datafolha,2025-12-04,Tarcisio,5,5,-21.42857142857143,-27.380952380952383,5.9523809523809526,2025Q4
Datafolha|2025-12-02|2025-12-04|2002,Datafolha,2025-12-04,Ratinho,5,5,-35.714285714285715,-27.380952380952383,-8.333333333333332,2025Q4
Datafolha|2025-12-02|2025-12-04|2002,Datafolha,2025-12-04,Zema,5,5,-45.23809523809524,-27.380952380952383,-17.857142857142858,2025Q4
Datafolha|2025-12-02|2025-12-04|2002,Datafolha,2025-12-04,Caiado,5,5,-41.666666666666664,-27.380952380952383,-14.285714285714281,2025Q4
Datafolha|2026-03-03|2026-03-05|2004,Datafolha,2026-03-05,Tarcisio,4,4,-22.222222222222218,-7.058823529411768,-15.16339869281045,2026Q1
Datafolha|2026-03-03|2026-03-05|2004,Datafolha,2026-03-05,Ratinho,4,4,-34.5679012345679,-7.058823529411768,-27.50907770515613,2026Q1
Datafolha|2026-03-03|2026-03-05|2004,Datafolha,2026-03-05,Zema,4,4,-41.9753086419753,-7.058823529411768,-34.916485112563535,2026Q1
Futura|2026-03-02|2026-03-06|2000,Futura,2026-03-06,Tarcisio,4,4,-14.744351961950056,0.6472491909385099,-15.391601152888565,2026Q1
Futura|2026-03-02|2026-03-06|2000,Futura,2026-03-06,Zema,4,4,-36.97978596908442,0.6472491909385099,-37.62703516002293,2026Q1
Futura|2026-03-02|2026-03-06|2000,Futura,2026-03-06,Leite,4,4,-38.04994054696789,0.6472491909385099,-38.6971897379064,2026Q1
Futura|2026-05-15|2026-05-20|2000,Futura,2026-05-20,Zema,5,6,-33.99470899470899,-7.941834451901563,-26.05287454280743,2026Q2
Futura|2026-05-15|2026-05-20|2000,Futura,2026-05-20,Caiado,5,6,-34.25925925925926,-7.941834451901563,-26.317424807357696,2026Q2
Futura|2026-06-08|2026-06-12|2000,Futura,2026-06-12,Zema,4,5,-37.452229299363054,-7.786429365962185,-29.66579993340087,2026Q2
Futura|2026-06-08|2026-06-12|2000,Futura,2026-06-12,Caiado,4,5,-33.37579617834395,-7.786429365962185,-25.589366812381762,2026Q2
Futura|2026-07-07|2026-07-11|2000,Futura,2026-07-11,Zema,4,4,-35.75063613231553,-4.381161007667032,-31.369475124648496,2026Q3
Futura|2026-07-07|2026-07-11|2000,Futura,2026-07-11,Caiado,4,4,-32.569974554707386,-4.381161007667032,-28.188813547040354,2026Q3
Ideia|2026-01-08|2026-01-12|2000,Ideia,2026-01-12,Tarcisio,4,5,-8.865248226950357,-16.196319018404914,7.331070791454557,2026Q1
Ideia|2026-01-08|2026-01-12|2000,Ideia,2026-01-12,Zema,4,5,-41.01654846335698,-16.196319018404914,-24.82022944495207,2026Q1
Ideia|2026-01-08|2026-01-12|2000,Ideia,2026-01-12,Caiado,4,5,-41.01654846335698,-16.196319018404914,-24.82022944495207,2026Q1
Ideia|2026-01-30|2026-02-02|1500,Ideia,2026-02-02,Tarcisio,3,4,-6.0240963855421725,-8.875739644970416,2.8516432594282435,2026Q1
Ideia|2026-01-30|2026-02-02|1500,Ideia,2026-02-02,Zema,3,4,-40.36144578313253,-8.875739644970416,-31.485706138162115,2026Q1
Ideia|2026-03-06|2026-03-10|1500,Ideia,2026-03-10,Tarcisio,3,4,-5.288461538461533,-6.015891032917139,0.7274294944556061,2026Q1
Ideia|2026-03-06|2026-03-10|1500,Ideia,2026-03-10,Zema,3,4,-42.3076923076923,-6.015891032917139,-36.29180127477516,2026Q1
Ipec|2025-12-04|2025-12-08|2000,Ipec,2025-12-08,Tarcisio,5,5,-28.767123287671232,-24.675324675324674,-4.091798612346558,2025Q4
Ipec|2025-12-04|2025-12-08|2000,Ipec,2025-12-08,Ratinho,5,5,-39.726027397260275,-24.675324675324674,-15.0507027219356,2025Q4
Ipec|2025-12-04|2025-12-08|2000,Ipec,2025-12-08,Zema,5,5,-47.945205479452056,-24.675324675324674,-23.269880804127382,2025Q4
Ipec|2025-12-04|2025-12-08|2000,Ipec,2025-12-08,Caiado,5,5,-45.205479452054796,-24.675324675324674,-20.53015477673012,2025Q4
Paraná Pesquisas|2025-10-21|2025-10-24|2020,Paraná Pesquisas,2025-10-24,Tarcisio,6,6,-17.4364896073903,-21.296296296296298,3.859806688905998,2025Q4
Paraná Pesquisas|2025-10-21|2025-10-24|2020,Paraná Pesquisas,2025-10-24,Ratinho,6,6,-33.83371824480369,-21.296296296296298,-12.537421948507394,2025Q4
Paraná Pesquisas|2025-10-21|2025-10-24|2020,Paraná Pesquisas,2025-10-24,Zema,6,6,-36.60508083140878,-21.296296296296298,-15.30878453511248,2025Q4
Paraná Pesquisas|2025-10-21|2025-10-24|2020,Paraná Pesquisas,2025-10-24,Caiado,6,6,-38.4526558891455,-21.296296296296298,-17.1563595928492,2025Q4
Paraná Pesquisas|2025-10-21|2025-10-24|2020,Paraná Pesquisas,2025-10-24,Ciro,6,6,-32.79445727482679,-21.296296296296298,-11.498160978530493,2025Q4
Paraná Pesquisas|2026-01-25|2026-01-28|2080,Paraná Pesquisas,2026-01-28,Tarcisio,4,5,-15.980629539951579,-7.5706214689265465,-8.410008071025032,2026Q1
Paraná Pesquisas|2026-01-25|2026-01-28|2080,Paraná Pesquisas,2026-01-28,Zema,4,5,-43.94673123486683,-7.5706214689265465,-36.376109765940285,2026Q1
Paraná Pesquisas|2026-01-25|2026-01-28|2080,Paraná Pesquisas,2026-01-28,Caiado,4,5,-41.28329297820824,-7.5706214689265465,-33.71267150928169,2026Q1
Quaest|2025-08-13|2025-08-17|12150,Quaest,2025-08-17,Tarcisio,5,6,-24.657534246575345,-26.58227848101266,1.9247442344373162,2025Q3
Quaest|2025-08-13|2025-08-17|12150,Quaest,2025-08-17,Zema,5,6,-42.465753424657535,-26.58227848101266,-15.883474943644874,2025Q3
Quaest|2025-08-13|2025-08-17|12150,Quaest,2025-08-17,Caiado,5,6,-39.726027397260275,-26.58227848101266,-13.143748916247613,2025Q3
Quaest|2025-08-13|2025-08-17|12150,Quaest,2025-08-17,Ciro,5,6,-32.87671232876713,-26.58227848101266,-6.2944338477544655,2025Q3
Quaest|2026-01-08|2026-01-11|2004,Quaest,2026-01-11,Tarcisio,3,3,-15.384615384615387,-11.25,-4.134615384615387,2026Q1
Quaest|2026-01-08|2026-01-11|2004,Quaest,2026-01-11,Caiado,3,3,-43.58974358974359,-11.25,-32.33974358974359,2026Q1
