uf,d_desocup,d_renda_pct,v26,m26,V,V0
RO,-3.1,35.533357117374244,968125.0,41.55672046481601,6.115758127044231,-6.521595628197417
AC,-5.200000000000001,14.25979680696663,469089.0,35.82198687242719,2.8994998152271183,-9.083273461652812
AM,-3.0,15.170407315045708,2170845.0,-3.2352378912358972,4.59395181145771,-8.086866074008535
RR,-1.2000000000000002,24.19074138531152,325559.0,48.19464367441846,2.591899317075479,2.753076505416976
PA,-2.8999999999999995,13.67821131082858,4863355.0,-5.413546821073105,6.608971892237411,-6.050606886978257
AP,-1.5999999999999996,20.076628352490424,464875.0,-0.04840010755579982,2.480225135017027,-9.525070654760258
TO,-1.4000000000000004,27.061387577188523,930475.0,7.019210618232627,13.240880762770226,-10.101866019166195
MA,-4.800000000000001,18.772750910036407,4010784.0,-33.09230813726194,9.776874762371342,-5.71331424516732
PI,-1.0999999999999996,15.930814747382804,2146446.0,-46.899945304936615,7.719697420102054,-9.498720267676598
CE,-3.8000000000000007,28.814359943316003,5617991.0,-32.01167463600422,8.785294928560155,-29.11317669773643
RN,-6.4,18.861653510594103,2071961.0,-24.97489093665373,7.200048432685733,-20.67411822115443
PB,-6.9,25.684777727885045,2513837.0,-28.233731940455968,6.55367309644186,-20.29454890200702
PE,-5.299999999999999,32.52032520325203,5601155.0,-32.42059896574903,3.3016140440993205,-16.98777875058248
AL,-3.299999999999999,16.86310063463281,1818929.0,-14.279886680568616,6.396539364837418,-10.161712970096582
SE,-5.0,39.15827996340349,1364253.0,-32.11867593474231,2.85518422328,-11.69509902932875
BA,-6.300000000000001,28.600100351229308,8560542.0,-37.63997653419608,7.918365698270056,-8.367036527413006
MG,-3.5,25.153595952294893,11976165.0,4.914144051956534,9.728868819479295,-25.100607154697048
ES,-5.7,17.095943335479724,2251199.0,17.020529948707335,5.260840369999085,-18.61878037206584
RJ,-5.5,8.677469942498695,9370087.0,13.59456961285418,2.975162475988976,-34.47162024214218
SP,-3.799999999999999,13.617782319877358,24880999.0,13.73210537084946,6.686628401554058,-29.660137151315062
PR,-2.9999999999999996,25.567502986857814,6585511.0,28.7107257128566,9.427524575585194,-17.99733016852503
SC,-1.9,25.16461494417406,4501081.0,41.60893794179664,8.742199821348779,-18.073524877555244
RS,-2.0999999999999996,21.971913399648923,6423299.0,19.91226003958402,12.86021342839541,-23.026006857566706
MS,-2.5,12.576956904133695,1490354.0,23.920222980580455,10.296687723505126,-17.392589169525944
MT,-2.2,22.942050520059443,1990194.0,35.94729960998777,10.010181569956186,-9.982793855708985
GO,-2.9000000000000004,33.76271186440678,3827930.0,22.545030865245714,10.087216198124406,-22.51590547020493
DF,-5.1,16.083521444695272,1772865.0,13.198354076593539,-1.6017537202378043,-31.69276202006683
