grupo,ids,instituto,antes,depois,dias,n_cand,margem_antes,margem_depois,delta,normal,passa_do_normal,passa_p95_agrupado,limiar_amostral
V17,V17,AtlasIntel,2026-04-27,2026-05-18,21,6,-6.941649899396374,-13.133402275077565,-6.19175237568119,4.165323486427034,True,True,4.358968793938255
V17,V17,Futura,2026-05-08,2026-05-20,12,6,-2.433628318584063,-7.941834451901563,-5.5082061333175005,4.590109307426686,True,True,6.6209317848774125
V17,V17,Nexus,2026-04-26,2026-05-24,28,6,-5.434782608695656,-5.494505494505496,-0.05972288580984042,4.1232680363115115,False,False,6.547591217617917
V17,V17,Quaest,2026-05-11,2026-06-08,28,6,-7.058823529411768,-12.345679012345677,-5.286855482933909,2.308113046509674,True,True,6.313891537499308
V17,V17,Real Time,2026-05-04,2026-05-30,26,6,-6.741573033707866,-7.526881720430104,-0.7853086867222387,2.239297778136641,False,False,6.3997076495727505
V17,V17,Vox Brasil,2026-05-12,2026-05-19,7,6,3.176470588235283,-10.96849474912485,-14.144965337360134,3.3588361052859015,True,True,6.319583562229397
V19,V19,AtlasIntel,2026-07-27,2026-08-30,34,6,-9.247967479674799,-9.729187562688054,-0.48122008301325536,4.165323486427034,False,False,4.233113933034824
V19,V19,Datafolha,2026-07-23,2026-08-20,28,6,-8.98876404494382,-6.666666666666671,2.3220973782771495,2.1852655771195098,True,False,6.370118114322461
V19,V19,Futura,2026-07-11,2026-08-07,27,6,-3.6144578313253106,-5.2808988764044855,-1.666441045079175,4.590109307426686,False,False,6.562419829910303
V19,V19,Ideia,2026-07-06,2026-08-03,28,6,-9.722222222222221,-8.51063829787234,1.2115839243498812,6.900152782299935,False,False,7.567082549040944
V19,V19,Nexus,2026-07-26,2026-08-02,7,6,-9.782608695652172,-4.301075268817208,5.4815334268349645,4.1232680363115115,True,True,6.613456950058984
V19,V19,PoderData,2026-07-29,2026-08-12,14,6,-6.593406593406598,-6.382978723404257,0.21042787000234142,2.201624462494024,False,False,6.026800809716544
V19,V19,Quaest,2026-07-13,2026-08-03,21,6,-14.814814814814817,-10.975609756097562,3.839205058717255,2.308113046509674,True,False,6.2246828551104985
V19,V19,Real Time,2026-07-20,2026-08-31,42,6,-7.446808510638299,-8.51063829787234,-1.0638297872340416,2.239297778136641,False,False,6.348176462575689
V19,V19,Vox Brasil,2026-07-28,2026-08-27,30,6,-10.556186152099883,-2.564102564102569,7.992083587997314,3.3588361052859015,True,True,6.257155558238902
V09 + V21 + V23 + V26 + V27,"V09,V21,V23,V26,V27",AtlasIntel,2026-08-30,2026-10-02,33,6,-9.729187562688054,-2.91750503018109,6.811682532506964,4.165323486427034,True,True,4.391904569551022
V09 + V21 + V23 + V26 + V27,"V09,V21,V23,V26,V27",Datafolha,2026-08-20,2026-10-03,44,6,-6.666666666666671,-2.1505376344086073,4.516129032258064,2.1852655771195098,True,False,5.643462889920967
V09 + V21 + V23 + V26 + V27,"V09,V21,V23,V26,V27",PoderData,2026-08-26,2026-10-02,37,6,-3.225806451612904,-1.0638297872340416,2.1619766643788623,2.201624462494024,False,False,5.427820041232023
