segunda_fonte,grupo,pesquisa,instituto,campo_fim,lula,flavio,url,resultado,motivo
,vespera,AtlasIntel|2026-09-23|2026-09-28|5005,AtlasIntel,2026-09-28,45.3,42.2,https://noticias.uol.com.br/eleicoes/2026/09/29/atlasbloomberg-lula-e-flavio-tem-empate-tecnico-no-2-turno.ghtm,confere,desvio 0.00
,vespera,AtlasIntel|2026-09-27|2026-10-02|4945,AtlasIntel,2026-10-02,46.7,43.8,https://docs.google.com/viewerng/viewer?url=https://admin.cnnbrasil.com.br/wp-content/uploads/sites/12/2026/10/Pesquisa-Atlas_Bloomberg-Nacional-261003.pdf,nao_verificavel,pagina sem os nomes
,vespera,Datafolha|2026-09-28|2026-09-30|2506,Datafolha,2026-09-30,42.0,38.0,https://www1.folha.uol.com.br/poder/2026/10/datafolha-lula-tem-45-e-flavio-bolsonaro-40-em-votos-validos-no-1o-turno.shtml,confere,desvio 0.00
,vespera,Datafolha|2026-10-03|2026-10-03|4006,Datafolha,2026-10-03,42.0,40.0,https://g1.globo.com/politica/eleicoes/2026/pesquisa-eleitoral/noticia/2026/10/03/datafolha-presidente-3-outubro.ghtml,confere,desvio 0.00
,vespera,Futura|2026-09-25|2026-09-29|2000,Futura,2026-09-29,39.4,42.2,https://www.cnnbrasil.com.br/eleicoes/futura-flavio-tem-422-das-intencoes-de-voto-no-1o-turno-lula-394/,confere,desvio 0.00
,vespera,Futura|2026-10-02|2026-10-03|2000,Futura,2026-10-03,40.5,42.5,https://docs.google.com/viewerng/viewer?url=https://admin.cnnbrasil.com.br/wp-content/uploads/sites/12/2026/10/Relatorio_Tracking_Nacional_1_Turno_Final_Votos_Validos-3-1.pdf,nao_verificavel,pagina sem os nomes
,vespera,Indexa|2026-09-27|2026-09-29|2000,Indexa,2026-09-29,39.0,34.0,https://www.cnnbrasil.com.br/eleicoes/indexa-broadcast-lula-tem-39-no-1o-turno-flavio-34/,confere,desvio 0.00
,vespera,MDA|2026-09-29|2026-10-02|2007,MDA,2026-10-02,43.1,38.0,https://www.cnnbrasil.com.br/eleicoes/cnt-mda-lula-tem-478-dos-votos-validos-no-1o-turno-flavio-421/,confere,desvio 0.07
,vespera,Palver|2026-09-30|2026-10-03|5000,Palver,2026-10-03,43.0,47.0,https://exame.com/brasil/pesquisa-palver-para-presidente-flavio-bolsonaro-tem-47-e-lula-43-no-1o-turno/,nao_verificavel,pagina sem os nomes
https://revistaforum.com.br/politica/ultimas-pesquisas-primeiro-turno-presidente/,vespera,PoderData|2026-09-30|2026-10-02|4000,PoderData,2026-10-02,42.0,41.0,https://www.poder360.com.br/poderdata/lula-e-flavio-tem-46-cada-um-no-2o-turno-diz-poderdata-aya/,confere,desvio 0.00
,vespera,Quaest|2026-10-02|2026-10-03|3702,Quaest,2026-10-03,40.0,38.0,https://g1.globo.com/politica/eleicoes/2026/pesquisa-eleitoral/noticia/2026/10/03/quaest-presidente-3-outubro.ghtml,confere,desvio 0.00
,vespera,Real Time|2026-09-26|2026-09-30|2000,Real Time,2026-09-30,43.0,39.0,https://www.cnnbrasil.com.br/eleicoes/real-time-big-data-lula-tem-43-no-1o-turno-flavio-39/,confere,desvio 0.00
,vespera,Vox Brasil|2026-09-26|2026-09-28|2100,Vox Brasil,2026-09-28,41.4,37.8,https://www.cnnbrasil.com.br/eleicoes/vox-lula-tem-411-das-intencoes-de-voto-no-1o-turno-flavio-378/,confere,desvio 0.30
,vespera,Vox Brasil|2026-09-29|2026-10-01|2100,Vox Brasil,2026-10-01,40.4,41.2,https://www.cnnbrasil.com.br/eleicoes/vox-flavio-registra-482-no-2o-turno-lula-452/,confere,desvio 0.00
,2025,AtlasIntel|2025-11-22|2025-11-27|5510,AtlasIntel,2025-11-27,47.3,23.1,https://www.poder360.com.br/poder-pesquisas/atlasintel-lula-lidera-em-todos-os-cenarios-de-1o-turno/,diverge,par nao encontrado
,2025,AtlasIntel|2025-12-10|2025-12-15|18154,AtlasIntel,2025-12-15,47.9,21.3,https://www.cartacapital.com.br/politica/lula-lidera-com-folga-as-disputas-contra-flavio-tarcisio-e-michelle-veja-a-nova-pesquisa-sobre-2026/,confere,desvio 0.30
,2025,Datafolha|2025-06-10|2025-06-11|2004,Datafolha,2025-06-11,38.0,20.0,https://g1.globo.com/politica/noticia/2025/06/14/datafolha-cenarios-eleicoes-2026.ghtml,confere,desvio 0.00
,2025,Datafolha|2025-07-29|2025-07-30|2004,Datafolha,2025-07-30,40.0,18.0,https://www1.folha.uol.com.br/poder/2025/08/datafolha-lula-ganha-vantagem-sobre-bolsonarismo-em-1o-e-2o-turnos.shtml,confere,desvio 0.00
,2025,Datafolha|2025-12-02|2025-12-04|2002,Datafolha,2025-12-04,41.0,18.0,https://www1.folha.uol.com.br/poder/2025/12/datafolha-lula-bate-flavio-bolsonaro-por-15-pontos-e-tarcisio-por-5-no-2o-turno.shtml,confere,desvio 0.00
,2025,Gerp|2025-12-06|2025-12-10|2000,Gerp,2025-12-10,34.0,25.0,https://jovempan.com.br/noticias/politica/pesquisa-gerp-lula-lidera-primeiro-turno-mas-empata-com-flavio-bolsonaro-no-segundo.html,confere,desvio 0.00
,2025,Ipec|2025-12-04|2025-12-08|2000,Ipec,2025-12-08,38.0,19.0,https://www.cnnbrasil.com.br/blogs/iuri-pitta/eleicoes/ipsos-ipec-lula-lidera-e-michelle-pontua-mais-que-flavio-e-tarcisio/,confere,desvio 0.00
,2025,Paraná Pesquisas|2025-06-18|2025-06-22|2020,Paraná Pesquisas,2025-06-22,33.8,20.4,https://www.cnnbrasil.com.br/politica/parana-pesquisas-lula-empata-com-bolsonaro-e-michelle-no-primeiro-turno/,diverge,par nao encontrado
,2025,Paraná Pesquisas|2025-10-21|2025-10-24|2020,Paraná Pesquisas,2025-10-24,37.6,19.2,https://www.cartacapital.com.br/politica/lula-amplia-vantagem-contra-candidatos-da-direita-em-pesquisa-eleitoral-sobre-2026-veja-os-resultados/,confere,desvio 0.00
,2025,Paraná Pesquisas|2025-11-06|2025-11-10|2020,Paraná Pesquisas,2025-11-10,36.3,19.7,https://paranapesquisas.com.br/pesquisas/parana-pesquisas-divulga-pesquisa-nacional-situacao-eleitoral-para-o-executivo-federal-em-2026-novembro-2025/,nao_verificavel,pagina sem os nomes
,2025,Paraná Pesquisas|2025-12-18|2025-12-22|2038,Paraná Pesquisas,2025-12-22,37.6,27.8,https://www.poder360.com.br/poder-eleicoes/lula-lidera-em-5-de-7-cenarios-no-1o-turno-diz-pesquisa/,diverge,par nao encontrado
,2025,Quaest|2025-08-13|2025-08-17|12150,Quaest,2025-08-17,35.0,14.0,https://g1.globo.com/politica/noticia/2025/08/21/quaest-eleicao-2026-lula-cenarios-agosto.ghtml,confere,desvio 0.00
,2025,Quaest|2025-12-11|2025-12-14|2004,Quaest,2025-12-14,41.0,23.0,https://g1.globo.com/politica/noticia/2025/12/16/quaest-primeiro-turno-2026.ghtml,confere,desvio 0.00
,amostra,Futura|2026-05-04|2026-05-08|2000,Futura,2026-05-08,38.1,37.4,https://www.cnnbrasil.com.br/eleicoes/futura-apex-lula-e-flavio-tem-empate-tecnico-no-1o-turno/,confere,desvio 0.00
,amostra,Vox Brasil|2026-05-09|2026-05-12|2100,Vox Brasil,2026-05-12,35.1,37.8,https://www.poder360.com.br/poder-eleicoes/flavio-tem-438-e-lula-402-no-2o-turno-diz-vox/,confere,desvio 0.00
,amostra,Datafolha|2026-08-18|2026-08-20|2058,Datafolha,2026-08-20,39.0,33.0,https://g1.globo.com/politica/eleicoes/2026/pesquisa-eleitoral/noticia/2026/08/21/datafolha-primeiro-turno-21-agosto.ghtml,confere,desvio 0.00
,amostra,AtlasIntel|2026-09-11|2026-09-16|5018,AtlasIntel,2026-09-16,44.1,41.7,https://www.cnnbrasil.com.br/eleicoes/lula-tem-441-no-1o-turno-flavio-417-diz-atlas/,confere,desvio 0.00
,amostra,Paraná Pesquisas|2026-02-22|2026-02-25|2080,Paraná Pesquisas,2026-02-25,40.5,36.6,https://www.poder360.com.br/poder-eleicoes/lula-e-flavio-empatam-no-1o-turno-diz-parana-pesquisas/,confere,desvio 0.00
,amostra,Quaest|2026-08-10|2026-08-13|2004,Quaest,2026-08-13,38.0,31.0,https://g1.globo.com/politica/eleicoes/2026/pesquisa-eleitoral/noticia/2026/08/14/quaest-presidente-1o-turno-14-agosto.ghtml,confere,desvio 0.00
,amostra,Nexus|2026-05-22|2026-05-24|2045,Nexus,2026-05-24,40.0,35.0,https://www.cnnbrasil.com.br/eleicoes/nexus-btg-lula-aparece-com-40-e-flavio-com-35-no-1o-turno/,confere,desvio 0.00
,amostra,Quaest|2026-04-09|2026-04-13|2004,Quaest,2026-04-13,37.0,32.0,https://www.cnnbrasil.com.br/eleicoes/quaest-lula-tem-37-contra-32-de-flavio-no-1o-turno/,confere,desvio 0.00
,amostra,AtlasIntel|2026-05-13|2026-05-18|5032,AtlasIntel,2026-05-18,47.0,34.3,https://www.cnnbrasil.com.br/eleicoes/atlas-lula-tem-47-das-intencoes-de-voto-no-1o-turno-flavio-343/,confere,desvio 0.00
,amostra,MDA|2026-09-09|2026-09-13|2002,MDA,2026-09-13,40.5,30.4,https://iclnoticias.com.br/cnt-mda-lula-tem-10-pontos-de-vantagem/,confere,desvio 0.00
,amostra,Futura|2026-02-03|2026-02-07|2000,Futura,2026-02-07,36.7,34.2,https://www.gazetadopovo.com.br/eleicoes/2026/pesquisa-eleitoral-2026/pesquisa-100-cidades-futura-presidente-da-republica-fevereiro-2026/,confere,desvio 0.00
,amostra,Futura|2026-09-04|2026-09-10|2000,Futura,2026-09-10,39.2,33.6,https://www.cnnbrasil.com.br/eleicoes/futura-lula-tem-392-das-intencoes-de-voto-no-1o-turno-flavio-336/,confere,desvio 0.00
,amostra,Real Time|2026-08-27|2026-08-31|2000,Real Time,2026-08-31,38.0,30.0,https://www.poder360.com.br/poder-eleicoes-2026/lula-e-flavio-bolsonaro-empatam-com-44-no-2o-turno-diz-pesquisa/,confere,desvio 0.00
,amostra,Gerp|2026-01-28|2026-02-02|2000,Gerp,2026-02-02,39.0,35.0,https://www.gazetadopovo.com.br/eleicoes/2026/pesquisa-eleitoral-2026/pesquisa-instituto-gerp-presidente-da-republica-fevereiro-2026/,confere,desvio 0.00
,amostra,Nexus|2026-09-11|2026-09-13|2003,Nexus,2026-09-13,42.0,37.0,https://www.cnnbrasil.com.br/eleicoes/nexus-btg-no-1-turno-lula-tem-40-flavio-36-e-cury-7/,confere,desvio 0.00
,amostra,Indexa|2026-05-22|2026-05-24|2000,Indexa,2026-05-24,39.0,30.0,https://www.jota.info/eleicoes/eleicoes-2026/lula-lidera-com-39-e-flavio-bolsonaro-tem-30-no-1o-turno-diz-indexa-pesquisas,confere,desvio 0.00
,amostra,PoderData|2026-09-13|2026-09-16|3000,PoderData,2026-09-16,37.0,36.0,https://www.poder360.com.br/poderdata/poderdata-aya-lula-tem-37-contra-36-de-flavio-no-1o-turno/,confere,desvio 0.00
,amostra,Futura|2026-07-07|2026-07-11|2000,Futura,2026-07-11,40.1,36.8,https://www.poder360.com.br/poder-eleicoes/lula-e-flavio-empatam-no-2o-turno-diz-futura-apex/,diverge,par nao encontrado
,amostra,Datafolha|2026-09-22|2026-09-24|2002,Datafolha,2026-09-24,40.0,36.0,https://g1.globo.com/politica/eleicoes/2026/pesquisa-eleitoral/noticia/2026/09/24/datafolha-presidente-24-setembro.ghtml,confere,desvio 0.00
,amostra,Real Time|2026-05-29|2026-05-30|2000,Real Time,2026-05-30,38.0,31.0,https://www.cnnbrasil.com.br/eleicoes/real-time-lula-lidera-contra-todos-os-adversarios-no-1o-turno/,confere,desvio 0.00
