hipotese,nome,situacao,tamanho,evidencia,confianca,o_que_sustenta
H1,Herança e identidade (a base),consistente,"n/a (explica o piso, não a virada)",forte para a base,alta,"correlação municipal ponderada entre o voto em Jair (2022) e em Flávio (2026) de 0,98; retenção de 97% dos eleitores de Jair em Flávio (intervalo entre as regiões: 89% a 100%)"
H2,Referendo sobre o governo,não testável,n/e,não testável,baixa,"a única série estruturada de avaliação do governo (Wikipédia) termina em nov/2025 e tem no máximo 6 medições por instituto, abaixo das 8 exigidas; não executa. A comparação dos cinco presidentes também não foi montada"
H3,Economia,inconsistente (descritivo),n/e,fraca,baixa,"indicadores nacionais melhoraram entre 2022 e 2026 (desocupação de 9,3% para 5,4%, renda real +19,2%) enquanto o PT caiu; entre as 27 UFs, a virada foi maior onde a desocupação caiu menos (coeficiente 1,06 ponto por ponto percentual, p = 0,016), sem repetir no placebo"
H4,Episódios e eventos dos dois lados,consistente em parte,"mensagens Flávio-Vorcaro: -5,4 ponto de margem (contra Flávio); Lulinha: +1,2 (mediana de todos os institutos)",forte pela regra literal; depende do limiar (Lulinha),média,"o episódio das mensagens coincide com movimento no sentido esperado (4 de 6 institutos acima do normal); o da investigação de Lulinha coincide (4 de 9, e 1 pelo limiar amostral); o bloco de setembro move a margem, mas mistura alvos dos dois lados e tem só 3 institutos"
H5,Pauta,não testável,n/e,não testável,baixa,"não foram coletadas 5 medições do ""principal problema"" do mesmo instituto em 2026; não executa"
H6,Consolidação e voto útil da direita,consistente,"+6,9 ponto de margem na média das pesquisas entre 3/ago e 28/set; 4,2 da última pesquisa à urna (mediana), parecido com 2022 (4,5)",forte (movimento na série e aritmética pesquisa-urna em vários institutos),média,"os outros candidatos caíram 4,2 pontos da última pesquisa à urna e o candidato do PL ficou com 116% da queda (mediana 100%); em 7 de 7 institutos ficou com mais da metade, e o PT em 0. Em 2022 os outros também caíram (3,9 pontos) e o candidato do PL ficou com mais da metade em 9 de 13 institutos: o encolhimento dos outros na reta final não é novidade de 2026; o que muda é a concentração no mesmo lado"
H7,Máquina local (prefeitos de 2024),inconsistente,n/e,desenho causal sem efeito detectado,média,"descontinuidade em 477 municípios: efeito de +1,39 ponto (erro padrão 0,96, p = 0,15), dentro do que o placebo de 2018-2022 mostra (+1,15)"
H8,Religião e valores,inconsistente,n/e,fraca,média,"a virada foi MENOR onde há mais evangélicos (-1,21 ponto por desvio-padrão de 10,3 pontos, p = 0,003); no placebo de 2018-2022 o sinal foi o oposto (+1,71); o sinal permanece ao controlar pelo voto de Jair em 2022 (-1,01, p = 0,024), então não se explica só por efeito teto"
H9,Governadores aliados,inconsistente,n/e,fraca,baixa,"virada média de 8,5 ponto nas 10 UFs com governador apoiador de Flávio e de 7,6 nas 5 com governador apoiador de Lula (diferença +0,8; p de permutação = 0,63)"
H10,Estrutura de campanha,não testável,n/e,não testável,baixa,propaganda gratuita e gasto parcial não foram coletados em formato legível por máquina; não executa
H11,"O candidato (por que Flávio e não ""a direita"")",consistente em parte,n/e,fraca,baixa,"Caiado, Zema e Ratinho Júnior rendiam bem menos que Flávio nos cenários; Tarcísio rendia perto ou um pouco mais até o fim de 2025 e menos que Flávio no primeiro trimestre de 2026; Michelle Bolsonaro não está nos dados"
H12,Comparecimento,inconsistente,n/e,forte (conta exata),alta,"o termo de comparecimento é pequeno e de sinal contrário: -3,8% do ganho de votos do candidato do PL e -1,1% da perda do PT; a troca líquida de voto responde por 93% e 122% (o segundo passa de 100% porque os outros termos têm sinal contrário)"
H13,Renovação do eleitorado,inconsistente (envelhecimento),n/e,fraca (o placebo repete o padrão),baixa,"municípios cujo eleitorado envelheceu mais tiveram virada menor (-0,68 ponto por desvio-padrão); o placebo de 2018-2022 mostra o mesmo sinal (-1,19), e sem efeito fixo de UF o sinal some"
H14,Redes sociais,não testável,n/e,não testável,baixa,redes sociais: sem dado público confiável; não testável
